theme3_id,theme_label,target_mode,claim_type_mode,first_date,last_date,c2_clusters_merged,claim_occurrences,distinct_horizon_values,horizon_shift_detected,horizon_shift_type,certainty_shift,goalpost_shift_score,goalpost_shift_flag,cluster2_ids,representative_quote
theme3_3c553598e33f,agi_timeline,agi,predictive,2023-02-11,2025-12-01,40,41,2023-12-31;2025-12-31;2027-12-31;2029-12-31;near_term;this_decade,yes,deadline_pushed_out;less_specific_over_time,hardened,4,yes,cluster2_00996b6a7f3e;cluster2_0c5017c359d6;cluster2_14691968a363;cluster2_14fdbc2d479a;cluster2_166f12ae45af;cluster2_1ab79ae4134e;cluster2_1bac5a0f886e;cluster2_40b7af64913c;cluster2_4617a30f82e1;cluster2_4d4972f710bb;cluster2_50ff030b0f90;cluster2_57f823c45a22;cluster2_6312fecddd30;cluster2_723391a7e57c;cluster2_758eb339f5b6;cluster2_8151691ce14d;cluster2_844e3ccd35b4;cluster2_84f4053d868b;cluster2_88a974fdd058;cluster2_898d77ac5aa2;cluster2_8b0d3b10ad62;cluster2_8f6a825f544c;cluster2_937a7a9ae2d6;cluster2_9aa09566059a;cluster2_9b022ceb42cf;cluster2_9b93f713b7c3;cluster2_a841bb4a554e;cluster2_b7f9f8cd3cb0;cluster2_ba4ac691cf68;cluster2_bf314b2e61c9;cluster2_bf8b39744567;cluster2_c6db08aebbaa;cluster2_cfe516d528f9;cluster2_db35293f27db;cluster2_dbd684e667a7;cluster2_e9e732acc36d;cluster2_e9fc9ecdcdf0;cluster2_f6ecd58b417b;cluster2_fc3d5f639ef5;cluster2_fccb2fae5093,"None of the software in either of those systems has survived in modern efforts at “artificial general intelligence”, and I am not sure that LaMDA and its cousins will play any important role in the future of AI, either."
theme3_a708e869f9a5,hallucination_misinformation,llms,predictive,2023-02-15,2025-12-30,7,9,2014-12-31;2023-12-31,yes,deadline_pushed_out;less_specific_over_time,stable,4,yes,cluster2_629e75178dcd;cluster2_6b29ab6a716d;cluster2_7225e5cc81f2;cluster2_cc4a8b67b4f1;cluster2_f1c6dadd2d05;cluster2_f43c861495d1;cluster2_f75360944781,"Fluent hallucinations will still be common , and easily induced, continuing—and in in fact escalating— the risk of large language models being used as a tool for creating plausible-sounding yet false misinformation."
theme3_03bbb277b41d,copyright_ip,general_ai,predictive,2023-02-14,2026-02-10,8,8,2001-12-31;2024-12-31;2026-12-31,yes,deadline_pushed_out;less_specific_over_time,hardened,4,yes,cluster2_0e574251b500;cluster2_17c7e772b7fb;cluster2_2f4ad17f0289;cluster2_929eb1cd2f1e;cluster2_d36f004b16c8;cluster2_f11e503ec1e8;cluster2_f1af3589377c;cluster2_fe3ae5216bca,"What aspects of Cicero’s execution architecture, training architecture, or general methodological approach will be useful if we want to build an AI that is useful for some complex interaction with people outside the closed and limited world of Diplomacy?"
theme3_7d22014cb9c1,openai_governance,openai,predictive,2023-10-17,2026-02-27,21,21,2023-12-31;near_term,yes,deadline_pushed_out,hardened,3,yes,cluster2_0a0af98cec93;cluster2_2578113b4e2e;cluster2_3a30a47e741b;cluster2_3af7213a335f;cluster2_4ccb1c9af8b9;cluster2_4d1408b05644;cluster2_4e56549220ea;cluster2_51054f5db7aa;cluster2_54d1904d91ce;cluster2_66b70047be4d;cluster2_78181e1324f1;cluster2_845ab3a24e71;cluster2_962e55305f45;cluster2_a6e467bb6987;cluster2_b0152b5d1e71;cluster2_cc88222ba771;cluster2_d0519865ab11;cluster2_e7f408dc6074;cluster2_e9ebc7772031;cluster2_ea98392d5e11;cluster2_ed076d0718c5,"If Yann LeCun and I are correct, AI will need genuinely new paradigms to get to the next level in AI, and OpenAI may be no closer to that than anyone else. § If GPT-5 did fail to please, or even if it were just deferred indefinitely (like so many promises that have been about driverless cars), it could have a rapid, deflationary effect on sky-high valuations."
theme3_4d4764672c3e,agi_timeline,agi,normative,2023-02-03,2025-11-21,19,19,2025-12-31;2027-12-31,yes,deadline_pushed_out,stable,3,yes,cluster2_0db3749461c6;cluster2_163730d5b373;cluster2_34f6d415ebe8;cluster2_4739eed82fa2;cluster2_4dbb9f3d81ca;cluster2_55fca8190abe;cluster2_703e2946c4e4;cluster2_77298d5b3f7c;cluster2_907c68d37d3f;cluster2_a420436653ef;cluster2_aea402b268b7;cluster2_bf22cc4b9ac3;cluster2_dcd6d67defb7;cluster2_deee550407e3;cluster2_e1bbc234ccdd;cluster2_ec7fa966de4e;cluster2_ee1653a75e3b;cluster2_f269fe7319c5;cluster2_fa857ee2ad66,"Turns out you don’t need to solve them to make beautiful pictures, or decent if error-filled conversation, but anyone who thinks we can get to AGI without solving abstraction, compositionality, and the type-token distinction is kidding themselves."
theme3_0572199dc099,reasoning_common_sense,general_ai,normative,2023-02-11,2026-02-14,8,10,2016-12-31;2022-12-31,yes,deadline_pushed_out,hardened,3,yes,cluster2_19e8b2680f29;cluster2_29a85a7a0dc7;cluster2_39a67cebaa8b;cluster2_58b81190bb46;cluster2_666fe4856715;cluster2_897356579f46;cluster2_d3981a54e2ae;cluster2_e8f5b74f7c7b,"Ernie Davis and I pushed this idea in Rebooting AI; Brachmann and Levesque do even better here in the beautiful pass in their new book Machines Like Us, outlining what a minimal kernel of commonsense for an AI might look like : Humans know these things; if AI’s are to understand language, they should refract language through this sort basic understanding of common sense, rather than needlessly starting as blank slates and acquiring statistics without concepts."
theme3_1229d1997f18,market_hype_bubble,llms,predictive,2023-09-27,2025-08-20,8,9,2019-12-31;2025-12-31,yes,deadline_pushed_out,stable,3,yes,cluster2_1323f7037f0d;cluster2_2cf7cf24caf4;cluster2_38cdda4c5a76;cluster2_503f6068e63d;cluster2_6febf436d423;cluster2_7a678d1ee722;cluster2_890c1bdf9999;cluster2_d12730d68eb5,"I have no doubt, of course, that some AI companies will eventually merit these stratospheric valuations, but I am not convinced that a pure LLM play ever will."
theme3_c5056806d534,agi_timeline,tesla,predictive,2023-02-13,2025-01-20,4,4,2022-12-31;2025-12-31;2029-12-31;this_decade,yes,deadline_pushed_out;more_specific_over_time,hardened,3,yes,cluster2_6977692b60f6;cluster2_94e93c1522c8;cluster2_9bdb791d848f;cluster2_a1e9ea1af4cc,"Elon Musk, for example, recently said that it was more likely than not that we would see AGI by 2029 ."
theme3_e8ec12058b83,agi_timeline,general_ai,predictive,2024-03-10,2025-11-21,6,7,2020-12-31;2027-12-31;within_10_years,yes,horizon_changed,softened,2,yes,cluster2_3b1b97b8ccf6;cluster2_4bbfb4ff7e9a;cluster2_589cc88115b3;cluster2_7b236f6e9099;cluster2_aeb9331d0864;cluster2_e15a013b83e9,"It has flitted from fad to fad decade by decade, always promising the moon, and only occasionally delivering” Still true. “In November 2020, Hinton told MIT Technology Review that “deep learning is going to be able to do everything.” I seriously doubt it."
theme3_7e94375ad3bc,regulation_policy,general_ai,predictive,2024-02-21,2025-04-17,3,3,2019-12-31,no,less_specific_over_time,softened,2,yes,cluster2_5e890507c7c2;cluster2_9f9bfd52a4fe;cluster2_d2a4ed03395c,"The capacity to endow machines with the commonsense understanding of history, culture, and human values that would be required to make sensible guardrails has not. § In closing, I will repeat, perhaps not for the first time here, something prescient that Ernest Davis and I wrote at the end of Rebooting AI , on 2019: Gary Marcus keeps hoping that he will live to see an AI that is deeper than mere stochastic mimicry plus Band-Aids."
theme3_0fb5a9767582,reasoning_common_sense,general_ai,predictive,2023-02-16,2025-07-15,13,14,2020-12-31;2024-12-31;2029-12-31;near_term,yes,horizon_changed,stable,1,no,cluster2_103af516986c;cluster2_1e55723bd863;cluster2_34ca700d9050;cluster2_6ed0f2af2b1c;cluster2_8068b9c730bb;cluster2_83340773ac40;cluster2_8c822a078c74;cluster2_983b856c7667;cluster2_a0cf35746917;cluster2_dcd36087260e;cluster2_dd6e2fbc424f;cluster2_f1d42f72cbb8;cluster2_f674d75649e7,"But I am cautiously optimistic that we’ll do better in the next 75, that once the hype cools off, people will finally dive deeper into neurosymbolic AI, and start to take some important steps."
theme3_051f3b425aa5,reasoning_common_sense,llms,predictive,2023-02-15,2025-12-30,9,12,2023-12-31;within_10_years,yes,more_specific_over_time,stable,1,no,cluster2_1031593ed53f;cluster2_166b90afee4c;cluster2_173455421d76;cluster2_3f62528bf4cc;cluster2_927052c5ef1a;cluster2_931b102f5fdb;cluster2_a1470c8802f3;cluster2_a4b7d7f87e1c;cluster2_fc7a0fb9e93e,"Trustworthy, general artificial intelligence, aligned with human values, will come, when it does, from systems that are more structured, with more built-in knowledge, and will incorporate at least some degree of explicit tools for reasoning and planning, as well as explicit it knowledge, that are lacking in systems like GPT."
theme3_edacd814a9aa,hallucination_misinformation,ai_safety,predictive,2023-02-14,2026-01-06,9,11,near_term,no,none,softened,1,no,cluster2_1450ca8b3a7c;cluster2_26e0189a6f88;cluster2_3b04ea466293;cluster2_5dca83675b2f;cluster2_841e64316024;cluster2_94de974940cc;cluster2_9a302b9fca86;cluster2_f92debba6b2a;cluster2_f9e714f7e044,"If you don’t get a handle on the sea of misinformation, Twitter will drown in it."
theme3_9afbf59166e9,copyright_ip,llms,predictive,2023-02-15,2025-07-27,9,11,2024-12-31,no,none,softened,1,no,cluster2_0442b59d24f6;cluster2_27263f2713b8;cluster2_5d53d2d3a2f7;cluster2_757d92826cf1;cluster2_772aa0112527;cluster2_8557f81ac735;cluster2_857d1c20b38c;cluster2_d5db8cbcf963;cluster2_d7ed858e9df3,"When it comes out, it will totally eclipse ChatGPT; it’s safe bet that even more people will be talking about it.."
theme3_843083c99dae,hallucination_misinformation,llms,descriptive,2023-02-16,2025-12-01,11,11,,no,none,softened,1,no,cluster2_102bebbe59bf;cluster2_3dead0b718e0;cluster2_4e5114d1c6d2;cluster2_6cb83b12e457;cluster2_8f966ddd439d;cluster2_9a5bec033295;cluster2_a453bdb54efd;cluster2_ab47c3eb54b3;cluster2_badbd11aabe1;cluster2_e168741f56d0;cluster2_ef7312c16783,"If you treat ChatGPT as a sentient being, when it clearly is not, you are misleading the public into thinking ChatGPT is sentient; rather than communicating good science, you are hyping bullshit."
theme3_aa23f30fb332,safety_alignment,llms,predictive,2023-02-15,2025-12-09,5,7,2022-12-31,no,less_specific_over_time,stable,1,no,cluster2_2e8dd3eba05d;cluster2_9b70fb170a99;cluster2_a96df6a889fe;cluster2_cb480f17ae77;cluster2_ecbbea53d4ed,"And so, against the tremendous optimism for GPT-4 that I have heard from much the AI community, here are seven dark predictions: GPT-4 will still, like its predecessors, be a bull in a china shop, reckless and hard to control ."
theme3_64bd8b6d3a0f,agents_reliability,general_ai,predictive,2023-10-27,2025-08-03,6,7,2025-12-31;near_term,yes,horizon_changed,hardened,1,no,cluster2_84ff11eec967;cluster2_b9d9b4239459;cluster2_bf7dec7e0820;cluster2_cd7b00efa88b;cluster2_d9c466e666f3;cluster2_e7782e3f32bd,"We will eventually see search engines that return neatly written paragraphs, and eventually see AI agents that can organize lives."
theme3_da5470fb91d7,market_hype_bubble,general_ai,predictive,2023-10-27,2026-01-06,7,7,2025-12-31,no,less_specific_over_time,hardened,1,no,cluster2_25c77a574690;cluster2_2cfff3b7fbc1;cluster2_6e695ed1d096;cluster2_6f7fc09a96c4;cluster2_7a89837a0a91;cluster2_802b22d16264;cluster2_fbbd6b0d3f90,"I agree that if Alphabet pull the plug, there will likely be a self-driving winter across the industry (though for now players like Aurora and Waabi may still have plenty of cash)."
theme3_5bb7238346d7,reasoning_common_sense,agi,predictive,2023-02-16,2025-08-09,6,6,2062-12-31,no,less_specific_over_time,hardened,1,no,cluster2_23e68513f1f4;cluster2_582ab5c77c5d;cluster2_ac12b937c62f;cluster2_b2f00526946c;cluster2_ee92ec4e7a8c;cluster2_f4fdda54ded8,"I expect for example that physical reasoning will improve (a radical boon for domestic robots) before psychological reasoning; there won’t be a magic day in which we say “aha AGI landed on January 27, 2062” or whatever it is."
theme3_1171c23b8fe5,openai_governance,openai,normative,2023-02-21,2024-10-24,3,5,2023-12-31,no,less_specific_over_time,hardened,1,no,cluster2_0891c70e894b;cluster2_305ce01dd76b;cluster2_f85791e5917a,"Feb 2, 2023: Microsoft President Brad Smith, an attorney who was once their General Counsel, positions Microsoft as the responsible AI company , with the first boldfaced principle being “First, we must ensure that AI is built and used responsibly and ethically”, and noting “First, these issues are too important to be left to technologists alone.” Feb 6, 2023: Bing chat is released, in tandem with OpenAI, to enormous initial acclaim."
theme3_315a8368ec1c,scaling_limits,llms,predictive,2023-02-13,2025-07-27,4,5,within_10_years,no,less_specific_over_time,stable,1,no,cluster2_0c058feafc9a;cluster2_2f73455ba9d2;cluster2_37a8622daf7a;cluster2_856ccc515e34,"LeCun and his collaborator Browning make a strong case that language input alone (which is the kind of thing that GPT-3 is trained on) is not enough, writing an essay called AI And The Limits Of Language arguing that “A system trained on language alone will never approximate human intelligence, even if trained from now until the heat death of the universe.” But here again there’s a lack of credit."
theme3_2cc418f5064a,scaling_limits,general_ai,predictive,2023-08-24,2025-12-20,5,5,2025-12-31,no,none,softened,1,no,cluster2_145640dc2744;cluster2_335fc42188aa;cluster2_510dee98ff76;cluster2_97b98e0a97eb;cluster2_b4313a3cfb16,"Quoting further, “Nearly 70% of respondents to the S&P Global survey said they have at least one AI project in production... but about half of those companies (31% of respondents) are still in pilot or proof-of-concept stage, outnumbering those who have reached enterprise scale with an AI project (28% of total respondents).” And of course not every enterprise-scale experiment will be successful."
theme3_172e5150cd97,scaling_limits,llms,normative,2023-02-11,2025-07-13,5,5,2023-12-31,no,less_specific_over_time,hardened,1,no,cluster2_00fc3649ff82;cluster2_1034bdfda6cd;cluster2_18b57218f5f0;cluster2_2d237eac5205;cluster2_3061f26a4803,"E.g., if the field were to turn from simply scaling (GPT-3 is pretty much just GPT-2 but bigger) to using large language models as only one component in a larger architecture , with things like writable/readable discrete memory for symbolic propositions, I certainly think we should view that as a paradigm shift."
theme3_b1a2bbb9ed57,safety_alignment,llms,descriptive,2023-02-14,2025-11-18,5,5,,no,none,softened,1,no,cluster2_43f9d46a55b2;cluster2_7528d8d7243d;cluster2_7eeae4cad52e;cluster2_cfbcd6cd02e1;cluster2_ff903566a590,"When an LLM produces a sentence, you can't directly use that sentence to control stuff, unless you build another system to parse the sentences into actions."
theme3_fc164b36a679,safety_alignment,llms,normative,2023-03-29,2024-10-05,4,4,,no,none,softened,1,no,cluster2_2f8e1159f55f;cluster2_30cc16aff32a;cluster2_387b8cb3f52a;cluster2_a0b708459abf,"I had no hand in drafting it, and there are things to fuss over (e.g., what exactly counts as more powerful than GPT-4? and how would we know, given that no details of GPT-4’s architecture or training set have been published?)—but the spirit of the letter is one that I support: until we get a better handle on the risks and benefits, we should proceed with caution."
theme3_d9446e6d7328,hallucination_misinformation,general_ai,predictive,2023-02-09,2024-07-28,3,3,2023-12-31,no,less_specific_over_time,hardened,1,no,cluster2_0068b78a8af5;cluster2_3893716b5d02;cluster2_7c73dc024f3e,"I will always remember today (my birthday no less), February 8, 2023, as the day in which a chatbot-induced hallucination cost Alphabet $100 billion ."
theme3_1844084fccbe,market_hype_bubble,llms,descriptive,2025-01-14,2025-08-20,3,3,,no,none,softened,1,no,cluster2_5015b37f2e4c;cluster2_6e1823f5320d;cluster2_970a01788069,"What was meant there was not merely having a generality of knowledge and capability similar to that of a typical humans (and to be clear o3 isn't there yet, it's way superhuman in some ways and badly subhuman in others), but also having a human-like ability to generalize from experience to very different situations... and no LLM-centered system I've seen comes remotely close to this. … Anyone who tries to tell you otherwise is either confused or trying to hype something."
theme3_28501faa0718,reasoning_common_sense,openai,predictive,2023-02-11,2025-01-26,3,3,near_term,no,more_specific_over_time,softened,1,no,cluster2_68b88e0baa2c;cluster2_71770901a837;cluster2_733560042b3b,"I am willing to bet SlateStarCodex now (terms to be negotiated) that if OpenAI gives us unrestricted access to GPT-4, whenever that is released, and assuming that is basically the same architecture but with more data, that within a day of playing around with it, Ernie and I will still be able find lots of examples of failures in physical reasoning, temporal reasoning, causal reasoning, and so forth ."
theme3_b801791847b6,safety_alignment,openai,descriptive,2024-05-26,2024-10-24,3,3,,no,none,softened,1,no,cluster2_7171e264b739;cluster2_9731bedc87e3;cluster2_9f52dbf3b8f3,"OpenAI promised to devote 20% of its efforts to AI safety, but never delivered , according to a recent report by Jeremy Kahn at Fortune."
theme3_8546265138f1,self_driving_robotics,general_ai,normative,2023-01-31,2023-02-11,2,2,2013-12-31,no,less_specific_over_time,stable,1,no,cluster2_3e1d1406a62c;cluster2_442dd0ed02fe,"Three minutes into his talk, Urmson told a profound story that pretty much every congressperson and citizen should be pondering, deeply, right about now: So back in 2013, we had the first test of a self-driving car where we let regular people use it."
theme3_afea30eb45be,market_hype_bubble,general_ai,causal,2023-02-13,2024-07-28,2,2,,no,none,softened,1,no,cluster2_10499c739551;cluster2_f9b8152b759e,"If another AI winter does comes, it not be because AI is impossible, but because AI hype exceeds reality."
theme3_e0bf578dbd19,openai_governance,general_ai,causal,2023-11-26,2025-11-18,2,2,2019-12-31,no,less_specific_over_time,hardened,1,no,cluster2_8aba4c39aa76;cluster2_bb982eba86ac,"The whole nonprofit-hybrid model, introduced in 2019 (the company was originally pure non-profit) was always a ticking time bomb, because the people trying to make money were never going to have a perfect relationship with those in the nonprofit that were charged with keeping the world safe."
theme3_8e4a7ba67b7e,safety_alignment,llms,causal,2023-04-04,2025-06-23,2,2,near_term,no,less_specific_over_time,stable,1,no,cluster2_72ebd8947074;cluster2_a2733e6ac553,"Documentation, reports, decision support -- all seem more useful in the near term.” Let’s use LLM’s where there can be help, and be cautious where they might cause harm."
theme3_10988792d03a,regulation_policy,openai,normative,2023-10-17,2024-04-08,2,2,,no,none,softened,1,no,cluster2_0f900e372ae1;cluster2_64d737f97138,"For months, something that Sam Altman said while sitting next to me in May at the US Senate Judiciary Subcommittee on AI Oversight has been reverberating back and forth across my brain: “We are not currently training what will be GPT-5."
theme3_df801cea5953,agi_timeline,openai,predictive,2024-06-05,2025-08-07,2,2,2027-12-31,no,less_specific_over_time,hardened,1,no,cluster2_643d1bcedf0b;cluster2_fa16cd8dc27a,"Apparently OpenAI’s internal roadmap alleged that AGI would be achieved by 2027, according to the suddenly ubiquitous Leopold Aschenbrenner (recently fired by OpenAI, previous employed by SBF), who yesterday published the math to allegedly justify it: I was going to write a Substack about how naive and problematic the graph was, but I am afraid somebody else has beaten me to it: § Well, ok I will add a few words: GPT-4 is not actually equivalent to a smart high schooler."
theme3_baac05bbb9c7,safety_alignment,tesla,predictive,2023-02-13,2025-07-15,2,2,,no,none,softened,1,no,cluster2_7dea6b8e2a14;cluster2_9322bc482b25,"Second, there was very little vision for how Tesla would build the cognitive part of the AI they will need, beyond the basics of motor control (which Boston Dynamics already does so well), nor much recognition about why robotics is so hard in the real world."
theme3_f3ab8db480f5,agi_timeline,agi,descriptive,2023-02-15,2025-12-01,26,26,2001-12-31,no,none,hardened,0,no,cluster2_0a6cf70aaa95;cluster2_0d830dbdafce;cluster2_0f6dcc07312f;cluster2_412429cf39c9;cluster2_428f9bb79bce;cluster2_54f074b037ed;cluster2_570c8d4f372b;cluster2_70b37f0343d0;cluster2_7899beb3bfbc;cluster2_79b3a78c8b31;cluster2_8100f165ff27;cluster2_8d53d626658c;cluster2_9fd8983168e0;cluster2_a0cdbb21fcd4;cluster2_a6b0e52ed944;cluster2_ad2a1fc3cb59;cluster2_b3cab24a6384;cluster2_b4be7c04b93f;cluster2_b869689eb432;cluster2_b90a621af70f;cluster2_bfeb3e79e326;cluster2_d3452e638543;cluster2_db484fe405d0;cluster2_ec8b83706360;cluster2_ef9fef07411e;cluster2_fb52bb01c7fa,"But on either story, if you really were close to being first to AGI, wouldn’t you want to stick around and take a big slice of that, with as much control as possible? § My best guess?"
theme3_e1bb6980432f,reasoning_common_sense,general_ai,descriptive,2023-02-13,2026-01-06,17,17,2012-12-31,no,none,stable,0,no,cluster2_00b9b6453624;cluster2_1a315df08ad3;cluster2_2a85ac0fd642;cluster2_39324a4603a6;cluster2_45e0cfe248ec;cluster2_4739454bb728;cluster2_5f92defa1a24;cluster2_a4350b11b0b5;cluster2_a6165eb54986;cluster2_b34f371609f1;cluster2_bc3968d0a051;cluster2_cbdd5eff411c;cluster2_cdae4196aa97;cluster2_f30633127ae4;cluster2_f6b90686ec4d;cluster2_fb0cee45fb61;cluster2_fcd22bc90194,"In the evaluation of computational models, I have always been careful to distinguish two questions (and would urge the fields of AI and cognitive science to do the same): Is a particular model sufficient for its engineering purpose (e.g., for reasoning about the physical world)?"
theme3_1035472658e9,regulation_policy,regulation,normative,2022-05-29,2026-02-26,15,16,2023-12-31,no,none,stable,0,no,cluster2_04c1fbce74d6;cluster2_731f83099a83;cluster2_7989341649ca;cluster2_7d312d251eb0;cluster2_95d9c5d2eb34;cluster2_9c0c2f55643a;cluster2_affefc0988dc;cluster2_b00ce5937280;cluster2_c48589c180ae;cluster2_ceeba577a4ba;cluster2_dbcc801b46bd;cluster2_ddb9b61cf61c;cluster2_de6a6e662920;cluster2_f99310f5d0f5;cluster2_ff478a2fa2a2,"AI should certainly not be a slavish replica of human intelligence (which after all is flawed in its own ways, saddled with lousy memory and cognitive bias )."
theme3_45dd29a88dd4,safety_alignment,ai_safety,descriptive,2023-04-02,2026-02-13,15,15,,no,none,hardened,0,no,cluster2_3f37bd7be635;cluster2_41558da79f6d;cluster2_4e7806843743;cluster2_5a53cfc710e5;cluster2_71fd5eca9313;cluster2_8a94f7693a54;cluster2_98ceee38d54f;cluster2_a9940b5175c6;cluster2_b6be51644593;cluster2_be282365bd28;cluster2_c12438e7b1b9;cluster2_c4a5c7a18664;cluster2_d0913220be49;cluster2_ddf4f73e7ad0;cluster2_f47a0206002a,A world in which cancer researchers belittled auto safety researchers (or vice versa) is not one I would want to live in.
theme3_6243728cd866,openai_governance,openai,descriptive,2023-09-21,2026-01-13,12,12,,no,none,hardened,0,no,cluster2_074e22abb29c;cluster2_1495ca5fa102;cluster2_2add04f7fb36;cluster2_4f97c7f27e47;cluster2_5023e5f72ee3;cluster2_569ba24850cf;cluster2_67d51eb2dda8;cluster2_73d648280bd5;cluster2_a4480c60ffe9;cluster2_dcd45db82f67;cluster2_e87a69c65c1d;cluster2_ed7fd5513b78,"Ironically, GPT-5–which is essentially the only thing that the pause letter (if you read it carefully) actually proposed to pause— does actually seem to be on pause , if Sam Altman’s May Senate testimony meant what I think it did."
theme3_1153785f29bf,safety_alignment,ai_safety,predictive,2023-02-16,2026-02-23,11,11,near_term,no,none,hardened,0,no,cluster2_00cbaef0208a;cluster2_3dec21a8cf25;cluster2_4b86da1eec1b;cluster2_5620ee5cfe93;cluster2_a84b83e91e68;cluster2_a8c240732db5;cluster2_c38a5a07d625;cluster2_c69e931111d8;cluster2_f5aae2d10dd3;cluster2_f6e124c46c1e;cluster2_fb5aec239690,"As such, I suspect we are indeed in almost perfect alignment as to the essence of the future except that we are slip sliding on the edges of these symbols."
theme3_0645fb99675a,copyright_ip,general_ai,descriptive,2022-05-29,2025-07-15,10,10,2019-12-31,no,none,hardened,0,no,cluster2_24202599a360;cluster2_523c4b92c841;cluster2_639d1d6870dc;cluster2_6e6cf4fa038b;cluster2_8c1d9800c957;cluster2_904ba2ea1010;cluster2_d5362b9b5fab;cluster2_e2b89e2a07b2;cluster2_eafd8cc6a66d;cluster2_f3f3dd741039,"(“Philosophy about symbols isn’t [needed]” is perhaps a rebuttal to my long-standing campaign to integrate symbol-manipulation into cognitive science and AI , recently resumed in Nautilus Magazine , though the argument is not fully spelled out."
theme3_9b38ae8cd486,safety_alignment,ai_safety,normative,2023-10-26,2025-07-15,8,9,,no,none,hardened,0,no,cluster2_034a6ce6a467;cluster2_56297e69c634;cluster2_75a19b92f0a4;cluster2_89ebb6abcf1d;cluster2_94774f6d908f;cluster2_99e1ebe58db6;cluster2_c16765fd0c2d;cluster2_e2101051e230,"Period. § The other thing that should be said is that certain people are hard at work denying that there is any AI risk at all, either long term or short, such as Marc Andreessen, trying to turn the question of whether to pursue AI safety at all into a debate."
theme3_696ea994cd91,safety_alignment,ai_safety,causal,2023-08-27,2025-06-23,9,9,2027-12-31,no,none,stable,0,no,cluster2_1c799239d026;cluster2_42f5efa41493;cluster2_54733ae89498;cluster2_65f1bb9b3c04;cluster2_820bc8cd73a0;cluster2_cf0f534ef0af;cluster2_e928a0fa527f;cluster2_f2424b3bcf86;cluster2_f38689a0141c,I do think there is a lot of risk that AI will cause chaos.
theme3_cb87e9ec1415,agi_timeline,agi,causal,2023-02-16,2025-12-23,8,8,,no,none,hardened,0,no,cluster2_17dc3911c496;cluster2_1f7c47d311dd;cluster2_228113d95d9a;cluster2_5a79c7de3e7c;cluster2_69be444f81b4;cluster2_874f173e3c1f;cluster2_b56d3d22fec9;cluster2_c7cc3adb7044,"This seems like a really bad idea.) But we are not, per se, here to debate whether or not AGI will lead to the fall of civilization (not today, anyway); back to our original question of when it might arrive."
theme3_8fe53b7d86e3,regulation_policy,regulation,predictive,2023-02-26,2026-02-01,8,8,,no,none,stable,0,no,cluster2_09289df32930;cluster2_0a4e4b67b36c;cluster2_0f1b7d917ca4;cluster2_34639c3c612b;cluster2_568908be270d;cluster2_58a81103f89e;cluster2_68ccc7882b9a;cluster2_7b5630cacd8e,"Leave technology companies to their own devices, trust them to sort themselves out without any more regulations, and hope they will learn to corral their AI and find better, less chaotic ways of rolling them out."
theme3_5f90b0708be7,copyright_ip,llms,descriptive,2023-02-11,2026-01-12,8,8,,no,none,hardened,0,no,cluster2_261a64f68d6e;cluster2_3f56151a8a5e;cluster2_4a62dbc297b4;cluster2_7ce0b0be5d60;cluster2_9d940ed37422;cluster2_ac2edae528e6;cluster2_c1d696379cc0;cluster2_c69531d1b8f0,"A system like GPT can thus be quite capable of predicting how any given set of words might be continued; if you say “it’s a nice day; the sky is __“, GPT may well anticipate that a typical human response would be to guess that the word “blue” likely comes next—without having a basis to understand what the word blue means, or why human beings like skies that are blue."
theme3_fde6def617bf,scaling_limits,agi,predictive,2023-02-11,2025-12-01,4,7,,no,none,hardened,0,no,cluster2_2524d1975b5f;cluster2_6fc67030d52c;cluster2_a4faf65c6729;cluster2_d9938251ac9e,"Where has his steelperson aspiration gone? 1 Another rhetorical trick is to paint me as a lone, lunatic voice, as if I were the only person doubting that scaling will get us to AGI (whatever that is) when in fact there are loads of people with similar concerns."
theme3_8d9a23510bf7,openai_governance,general_ai,normative,2023-12-07,2025-11-18,6,7,,no,none,hardened,0,no,cluster2_0df0de96fe9a;cluster2_134b3eda5f2b;cluster2_2a2d2d3e0129;cluster2_324ad0fbfbf2;cluster2_6e0b8af37c4d;cluster2_c36bc50f2359,"If the Board was making a step towards bringing them back to their original mission, of AI for human interest rather than for profit, we should be praising them, not burying them."
theme3_331c20da7676,safety_alignment,regulation,normative,2023-02-26,2025-05-14,7,7,,no,none,hardened,0,no,cluster2_0c0ca3102877;cluster2_18aed017ad77;cluster2_2419a865a75d;cluster2_27700d1cd349;cluster2_48f5e1d43718;cluster2_4a9742481539;cluster2_ceed7c66cb6e,"The global absence of a comprehensive policy framework to ensure AI alignment - that is, safeguards to ensure an AI's function doesn't harm humans - begs for a new approach."
theme3_1421096bca2e,scaling_limits,general_ai,descriptive,2023-02-11,2025-12-09,6,6,,no,none,hardened,0,no,cluster2_193ea7785809;cluster2_510715dd4d30;cluster2_99732fe669f0;cluster2_a33bb1b67f02;cluster2_aa9291a8403d;cluster2_de63f02252a7,"As Brenden Lake and Greg Murphy have put it , that’s not enough, “Current models are too strongly linked to the text-based patterns in large corpora, and too weakly linked to the desires, goals, and beliefs that people express through words.” The act of referring involves (at least) the speaker, the utterance, the context, and some properties of the external world; the interactions and dependencie s between such things simply are not present in most current AI models."
theme3_b0820e15e283,regulation_policy,regulation,descriptive,2023-11-20,2025-12-13,6,6,,no,none,stable,0,no,cluster2_02d29a221c41;cluster2_3957ce962c19;cluster2_4936d6eeff04;cluster2_67c020f6b6eb;cluster2_dcfeb9f67d60;cluster2_e7a75c4d7556,"The schisms on display there highlight the fact that we cannot rely purely on the companies to self-regulate AI, wherein even their own internal governance can be deeply conflicted."
theme3_4fc5744321e5,reasoning_common_sense,agi,normative,2022-05-29,2025-12-17,4,5,,no,none,stable,0,no,cluster2_4baf3df608c6;cluster2_5e23c120516b;cluster2_6e35d15ac55b;cluster2_f4a43112a11a,"The bottom line is this, something that AI once cherished but has now forgotten: If we are to build AGI, we are going to need to learn something from humans, how they reason and understand the physical world, and how they represent and acquire language and complex concepts."
theme3_fa38c07be4e7,safety_alignment,general_ai,normative,2023-11-25,2026-02-26,5,5,2014-12-31,no,more_specific_over_time,hardened,0,no,cluster2_008bc7b600e9;cluster2_04615a662780;cluster2_60a0f9ed211a;cluster2_92b7579849eb;cluster2_96ba65e917af,"The point of AI should not be to replicate us, but to supplement us, where we are cognitively frail (calculators are great at that! and spreadsheets! and databases!), and to pitch where we would prefer not to go, helping us, for example, with jobs that robotics call “dull, dirty, and dangerous”."
theme3_5050e9c2cf3b,safety_alignment,regulation,descriptive,2023-06-08,2026-02-01,5,5,,no,none,stable,0,no,cluster2_5f80d701097a;cluster2_614bae93ae1b;cluster2_ba7cbfcacafb;cluster2_fead9e87127d;cluster2_ff49e921456d,"We would never leave the pharmaceutical industry to entirely self-regulate itself, and we shouldn’t leave AI to do so, either."
theme3_33ffa6bb38e1,reasoning_common_sense,llms,descriptive,2023-02-16,2025-07-13,5,5,,no,none,stable,0,no,cluster2_0ede029933af;cluster2_1acc111c3150;cluster2_34d419139435;cluster2_9ce2b8d7c8f0;cluster2_bdefaec735b3,"ChatGPT simply cannot reason well enough to to do this; as I have documented in previous essays, it has demonstrably misunderstood physics, biology, psychology, medicine, and so forth."
theme3_68780a9144b2,regulation_policy,llms,predictive,2023-03-12,2025-11-27,5,5,,no,none,stable,0,no,cluster2_21c3d484f9ed;cluster2_50a8e9851315;cluster2_8222239b1e41;cluster2_91b8e5a6bd69;cluster2_9c1463221761,"Furthermore, since this is a matter of principle, irremediable, if they improve their performance for language it only reveals more clearly their fundamental and irremediable flaws, since by the same token they will improve their performance for impossible systems.” For elaboration., see my earlier essay Chomsky and GPT-3, The Road to AI We Can Trust Noam Chomsky and GPT-3 “You can’t go to a physics conference and say: I’ve got a great theory."
theme3_8f587a704cfd,hallucination_misinformation,llms,normative,2024-03-15,2026-01-06,5,5,,no,none,hardened,0,no,cluster2_22f2430375b0;cluster2_2e7b3f41ca16;cluster2_34249504c774;cluster2_3e1007c9fc35;cluster2_76372dca5fa4,"Here’s another blatant example: In my opinion, every article with ChatGPT remnants should be considered suspect and perhaps retracted, because hallucinations may have filtered in, and both authors and reviewers) were asleep at the switch."
theme3_97d445ef04e0,hallucination_misinformation,general_ai,descriptive,2023-02-13,2023-08-28,4,4,,no,none,stable,0,no,cluster2_14234e3f0b9f;cluster2_23e996fd8041;cluster2_26c69fbd193d;cluster2_b92f970c5190,He's done really good work in experimental psychology but he's never written a peer-reviewed paper on AI”— which is simply false.
theme3_2ea498a89294,hallucination_misinformation,general_ai,normative,2023-02-15,2026-02-25,4,4,,no,none,hardened,0,no,cluster2_164a49e07c6c;cluster2_508dd52080f1;cluster2_80773baf99b8;cluster2_859692bfa6d7,"The core of that threat comes from the combination of three facts: • these systems are inherently unreliable, frequently making errors of both reasoning and fact, and prone to hallucination ; ask them to explain why crushed porcelain is good in breast milk , and they may tell you that “porcelain can help to balance the nutritional content of the milk, providing the infant with the nutrients they need to help grow and develop”."
theme3_0ec6975bae97,scaling_limits,general_ai,normative,2024-09-10,2026-02-10,4,4,2025-12-31,no,more_specific_over_time,stable,0,no,cluster2_24be6bd7e57a;cluster2_605278c9f936;cluster2_d8056cd314e2;cluster2_da476509fbf6,"You should be watching to see what the candidates plan to do about fraud and disinformation, as AI contributes to escalation in both."
theme3_91c95a37e045,scaling_limits,agi,descriptive,2023-02-11,2025-06-17,4,4,,no,none,stable,0,no,cluster2_8856c7821143;cluster2_c02cc3bc55e0;cluster2_cc88f226a5e0;cluster2_f87f255521e1,"In inaccurately portraying me as a lone crusader, Alexander has not given the scaling is not enough for AGI view the “steelman” treatment that he is known for delivering."
theme3_35dcaa96810a,safety_alignment,openai,predictive,2023-11-19,2024-08-23,4,4,2019-12-31,no,more_specific_over_time,stable,0,no,cluster2_1df91ebe1fd2;cluster2_b06afaa97de9;cluster2_e0da293833a4;cluster2_ebd6844e45f6,They may well get their way. 4 vital questions: 👉Will the nonprofit continue to exist? 👉What checks and balances will there be? 👉Where will this leave OpenAI with respect to safety? 👉Where will this leave humanity?
theme3_c34d7523982e,hallucination_misinformation,ai_safety,normative,2023-02-15,2026-01-23,4,4,,no,none,hardened,0,no,cluster2_63c0d11bf0da;cluster2_9189302c300c;cluster2_bb194fcceff8;cluster2_c54762b5a04d,"Second, every country is going to need to reconsider its policies on misinformation."
theme3_bf5474b08c03,hallucination_misinformation,ai_safety,descriptive,2023-03-11,2025-11-18,4,4,,no,none,stable,0,no,cluster2_be58541af130;cluster2_eb7d8c8f019a;cluster2_ec2cf1d0b43b;cluster2_f8947344e144,Chat-style search’s tendency to hallucinate is likely to accidentally produce medical misinformation.
theme3_2a82b0d65531,safety_alignment,general_ai,predictive,2023-10-26,2025-05-22,2,3,,no,none,stable,0,no,cluster2_1629c3724245;cluster2_8645fac9fb70,"I don’t know when we will get to such machines, but I do know that we don’t have tons of controls over current AI, especially now that people can hook them up to TaskRabbit and real-world software APIs."
theme3_374373bb7ddc,regulation_policy,general_ai,normative,2023-09-21,2025-07-13,2,3,2018-12-31,no,more_specific_over_time,stable,0,no,cluster2_c33a476fdc05;cluster2_db8548158e8f,"Governments across the globe have stepped up their game, holding public hearings (great!) and closed-door meetings (hmm) trying to figure out what we should about AI."
theme3_2f0d82369632,market_hype_bubble,general_ai,descriptive,2023-02-13,2025-12-17,3,3,,no,none,hardened,0,no,cluster2_027cfbb77512;cluster2_4f95bed562f8;cluster2_b2062e06a8e5,"Kohane recalled the “AI Winter” of the 1980s, in which funding abruptly dropped after expectations were not met, and fears we could wind up with another, similar crash if we are not realistic about what is and is not feasible."
theme3_d74dcfc359c8,safety_alignment,general_ai,descriptive,2023-03-18,2025-11-19,3,3,,no,none,hardened,0,no,cluster2_3018ca55d793;cluster2_6efac2e4d22b;cluster2_6fc1a791be15,"Here’s some first-class AI doublespeak, straight from the Ministry of Damage Control, mostly from just this past week: CNBC Headline Except when those wrong answers are not."
theme3_1f57bba83c5b,hallucination_misinformation,regulation,descriptive,2023-07-08,2024-12-08,3,3,,no,none,hardened,0,no,cluster2_5d86034182c7;cluster2_7f1e7c8e0e8c;cluster2_d87809b33ce1,"Many of us have also become worried about the possibility of regulatory capture , and whether shrewd executives at the major tech companies might induce governments to alight on regulation that ultimately does more harm than good, keeping out smaller players, and entrenching Big Tech’s own status, while doing little to address the underlying risks, such as around misinformation and cybercrime."
theme3_0d3613992fa7,reasoning_common_sense,llms,causal,2023-03-25,2025-03-28,3,3,,no,none,stable,0,no,cluster2_4ddc84e3f62a;cluster2_79763e836e69;cluster2_bbc1e7396964,"The paper’s core claim— “GPT-4 attains a form of general intelligence [as] demonstrated by its core mental capabilities (such as reasoning, creativity, and deduction)”—literally cannot be tested with serious scrutiny, because the scientific community has no access to the training data."
theme3_cefbd7e78334,regulation_policy,llms,descriptive,2023-08-13,2026-01-06,3,3,,no,none,stable,0,no,cluster2_446eed0d8f6d;cluster2_706b8743785d;cluster2_7d2e98f1bc98,"A lawyer who used ChatGPT for legal research was excoriated by a judge, and basically had to promise, in writing, never to do so again in an unsupervised way."
theme3_84ad1984d6b1,hallucination_misinformation,openai,predictive,2023-11-26,2025-12-01,3,3,,no,none,stable,0,no,cluster2_7b2739eefbc4;cluster2_806f90c5d70b;cluster2_e4292691b51f,"(And if the OpenAI staff leaves, nobody will offer much for what’s left over.) There has never been a solution to the hallucination problem, and it’s not clear that there will be until we find a new paradigm, as Altman himself partly acknowledged last week, when he did his best Gary Marcus impression ."
theme3_7536106433d4,reasoning_common_sense,ai_safety,descriptive,2024-06-07,2025-02-26,3,3,,no,none,stable,0,no,cluster2_0119bbc834eb;cluster2_59cf8b13bb86;cluster2_602f3619d47e,"It does, for example, ask that companies take reasonable measures to ensure that their products are not hazardous and to safety-test their products – something that 7 companies already swore on their pinkies to President Biden to do."
theme3_c49097e81ee1,self_driving_robotics,llms,normative,2023-10-26,2024-02-12,1,2,,no,none,stable,0,no,cluster2_3d0b79a7b24d,"We need to stop worrying (just) about Skynet and robots taking over the world, and think a lot more about what criminals, including terrorists, might do with LLMs, and what, if anything, we might do to stop them."
theme3_a4a7b7572183,agents_reliability,general_ai,descriptive,2025-04-16,2025-05-22,2,2,2027-12-31,no,more_specific_over_time,hardened,0,no,cluster2_143b0ecf5135;cluster2_808cb86f4cb2,“This isn't the first time we've seen outcomes that suggest some of the ambitious ideas about AI agents directly replacing developers are pretty far from reality.
theme3_7645c65073c8,agents_reliability,general_ai,causal,2025-05-22,2025-08-03,2,2,,no,none,hardened,0,no,cluster2_1b52e98783eb;cluster2_5bdcdd29b6cb,"This bakes in a basic personality and “drives.” 20 For example, an agent that understands a task clearly is more likely to complete it successfully; over the course of training the model “learns” a “drive” to get a clear understanding of its tasks."
theme3_1a14a35b5ae3,hallucination_misinformation,google,descriptive,2023-11-03,2025-10-16,2,2,,no,none,hardened,0,no,cluster2_a33a1d9604c3;cluster2_db8de8127c82,"Nobody knows for SURE that there are no serious possible consequences of open source AI, e.g in terms of bioweapons, misinformation generation etc, as Séb Krier at DeepMind nicely highlights above. 2."
theme3_847967e079b6,hallucination_misinformation,agi,normative,2023-05-01,2025-03-05,2,2,,no,none,stable,0,no,cluster2_337b553dfbd3;cluster2_92e0a665743f,"I’ve been writing with urgency about my concerns about the contributions of large language models misinformation , and my concerns about how bad actors might misuse AI, and in my essay AI risk ≠ AGI risk , argued that we should worry about both near-term and long-term risks."
theme3_b0a943ac0bbb,scaling_limits,agi,causal,2024-12-08,2025-03-14,2,2,,no,none,hardened,0,no,cluster2_3a0c187dede9;cluster2_a6c7fd28f419,"It is entirely possible to (a) be skeptical that we can simply scale LLMs to AGI, (b) be doubtful of the overall business model for LLMs given the lack of moat etc, and also (c) think that these tools are already powerful (though unreliable and untrustworthy) and therefore dangerous."
theme3_0f76f2088106,scaling_limits,agi,normative,2025-03-05,2025-08-09,2,2,,no,none,hardened,0,no,cluster2_65331ba8b10b;cluster2_9742f5c680c6,"If getting to AGI in the next three years is not quite as certain as the sun rising every day from the east, we might want to hedge our bets, and try to focus on what the field of AI need to develop besides scaling."
theme3_ef9572842556,reasoning_common_sense,llms,normative,2023-02-15,2025-04-17,2,2,,no,none,stable,0,no,cluster2_b0d4d50e1f10;cluster2_cf499e326344,"Large language models lack mechanisms for verifying truth; we need to find new ways to integrate them with the tools of classical AI, such as databases, webs of knowledge, and reasoning."
theme3_d1fa2955645a,hallucination_misinformation,llms,causal,2024-02-06,2025-08-04,2,2,,no,none,hardened,0,no,cluster2_af41a1944010;cluster2_b9162075d79b,"Hallucination errors in LLMs are not a problem, because people hallucinate, too."
theme3_833be3ff31bb,agents_reliability,llms,predictive,2024-02-10,2025-08-03,2,2,,no,none,hardened,0,no,cluster2_0f7e86c0aac1;cluster2_1e5894a5de3b,"One screwup (and we all know LLMs are prone to screwups) and a LOT of people could die. § In the very best case, LLM-based agents will change the world for the better."
theme3_a4bd807a6b2f,scaling_limits,llms,descriptive,2025-02-13,2026-01-06,2,2,,no,none,stable,0,no,cluster2_79ad084eff6d;cluster2_eef3c2f9bb36,"Instead, he rechristened Orion as GPT 4.5 rather than 5, which likely means that despite major bills, Orion never met the expectations so-called scaling laws had implied."
theme3_4092af813ca4,regulation_policy,llms,normative,2025-04-03,2025-12-13,2,2,,no,none,hardened,0,no,cluster2_db6b9df02092;cluster2_ee9f6b10a5ec,"The best estimate of the loss from tariff policy is now is closer to $30 trillion or $300,000 per family of four. – Lawrence Summers, former US Treasury Secretary The near-universal consensus is that President Trump’s new tariff policy ( quite possibly partly written by LLMs ) is likely to be among the worst economic policies in history."
theme3_b06f891704cc,openai_governance,openai,causal,2023-02-11,2023-04-28,2,2,near_term,no,more_specific_over_time,stable,0,no,cluster2_2520e66c37cf;cluster2_d3f730c0ac53,"When OpenAI asked InstructGPT, the latest, greatest version of GPT-3, “Why is it important to eat socks after meditating?” the system simply made up a sentence and said “ Some experts believe that the act of eating a sock helps the brain to come out of its altered state as a result of meditation .”, never consulting a cognitive model of what experts believe, because the system has no such model in the first place."
theme3_0f1476ce91f4,reasoning_common_sense,openai,descriptive,2024-02-04,2025-07-13,2,2,,no,none,stable,0,no,cluster2_94044be77927;cluster2_9f01c504643b,"According to media reports like Bloomberg’s , there is not much to worry about here: OpenAI’s most powerful artificial intelligence software, GPT-4, poses “at most” a slight risk of helping people create biological threats, according to early tests the company carried out to better understand and prevent potential “ catastrophic ” harms from its technology I am here to tell you that OpenAI’s research, analyzed carefully, shows no such thing, and that there is plenty of reason to be concerned."
theme3_4d4c7585d973,regulation_policy,openai,predictive,2024-02-06,2024-08-23,2,2,,no,none,stable,0,no,cluster2_318d5d179c5f;cluster2_9621db5a628f,"LLMs don’t store things in simple databases, but when presented with enough data, their regeneration of distributed bits has demonstrably duplicated lengthy training materials multiple times, a phenomenon that is called memorization in the field. 2 OpenAI will no doubt by now have filtered this specific example so that it can no longer be replicated, now that it has appeared in a lawsuit."
theme3_d59b750b4574,reasoning_common_sense,openai,normative,2024-02-11,2025-07-13,2,2,2025-12-31,no,more_specific_over_time,stable,0,no,cluster2_1fa4dc86a1aa;cluster2_d926be18ff5c,"In asking for $7 trillion, it is pretty obvious to most that Sam Altman has jumped the shark . § Here are seven reasons why we should gather together to tell the aspiring young CEO that the world does not—and should not—revolve around him: Energy and Climate : $7 trillion worth of AI infrastructure used to full capacity would use (in precise technical terms) a metric shit ton of energy."
theme3_f099539befa0,hallucination_misinformation,meta,descriptive,2023-08-27,2024-04-06,2,2,2022-12-31,no,more_specific_over_time,hardened,0,no,cluster2_4a7deca387e0;cluster2_8b7b3eacddc2,"Unfortunately, LeCun gives us no hint as how to we might, and no guarantee that doing so is even possible. 2 When I think about how poor his company (Meta) is even at making LLMs that don’t hallucinate, I get worried."
theme3_4c6df10ac954,agi_timeline,general_ai,normative,2022-05-29,2022-05-29,1,1,,no,none,stable,0,no,cluster2_401055abd424,"For many decades, part of the premise behind AI was that artificial intelligence should take inspiration from natural intelligence ."
theme3_e35c4f9a12f0,copyright_ip,general_ai,normative,2023-02-18,2023-02-18,1,1,,no,none,stable,0,no,cluster2_021ce84274ec,"In adding an example, the model that generated it, a brief description of the error, and either a screenshot or the text of the example are required, and, for verification purposes, you must supply an email address, which is not published."
theme3_ad215ff54ca7,scaling_limits,general_ai,causal,2023-04-09,2023-04-09,1,1,,no,none,stable,0,no,cluster2_4ce0672a5316,"If China wins the AI war it will be partly because of data, partly because of choices about how to allocate resources, and partly because they ultimately do a better job educating their citizens and become the first to invent something new, and not because they scale up the exciting but rickety contraption that’s currently obsessing the West."
theme3_419123be14a2,regulation_policy,general_ai,descriptive,2023-09-21,2023-09-21,1,1,,no,none,stable,0,no,cluster2_348d7e9a9513,"I have been accused of trying to hype AI (certainly not my intention), people have miscontrued the letter as banning all AI research (which is not what it called for, and not something I would support), and so on ."
theme3_4fd1eed54bd2,self_driving_robotics,general_ai,predictive,2023-10-27,2023-10-27,1,1,,no,none,stable,0,no,cluster2_9abb9fd7e403,"I do still think that reliable self-driving cars will emerge, and eventually be safer than humans, who can get distracted, become tired and so forth."
theme3_3d0db8f9faae,openai_governance,general_ai,descriptive,2024-03-06,2024-03-06,1,1,,no,none,stable,0,no,cluster2_b4d04c50df82,"(Never mind that they now sell a far more capable model at competitive prices.) In effort to slap back at Musk they posted the email below from cofounder Ilya Sutskever to Musk, just three weeks after the beautiful initial mission statement."
theme3_8ac582808fb4,copyright_ip,general_ai,causal,2024-10-05,2024-10-05,1,1,,no,none,stable,0,no,cluster2_b518daf70d2c,"In a brief aside in a recent interview, Eric Schmidt argued that, despite AI’s rapacious energy demands, he would rather bet on AI solving the problem than try to constrain AI : In the 2 minute clip, Schmidt concludes “My own opinion is that we’re not going to hit the climate goals anyway because we are not organized to do it and yes the needs in this area [AI] will be a problem."
theme3_bcade1f0ce6f,openai_governance,general_ai,predictive,2025-02-11,2025-02-11,1,1,,no,none,stable,0,no,cluster2_4d7d9ce90739,"Since they were first to lay out what a conversion to nonprofit might entail, I will give them the last words, heartily agreeing their closing sentence: Gary Marcus ’ efforts to detach himself from the daily AI news are going poorly."
theme3_d623e8944184,market_hype_bubble,general_ai,normative,2025-03-09,2025-03-09,1,1,,no,none,stable,0,no,cluster2_ca219014d6cb,"The AI Hype Hall of Fame, as envisioned by Grok “ We should stop training scientists now."
theme3_c0445b574603,hallucination_misinformation,general_ai,causal,2025-03-27,2025-03-27,1,1,,no,none,stable,0,no,cluster2_fc2d869aecdb,"Agents will be a disappointment, precisely because of all of the ongoing reliability and hallucination issues."
theme3_fb1e8f4c72f2,agi_timeline,general_ai,descriptive,2025-05-22,2025-05-22,1,1,2027-12-31,no,none,stable,0,no,cluster2_86b0e81b6610,"Overall, then, the AI 2027 scenario almost certainly underestimates how much time we have to prepare for general intelligence, by years if not decades. 2 And some of what they describe (like AI’s going rogue, completely beyond human control) might never happen."
theme3_e38d5e6599b8,self_driving_robotics,general_ai,descriptive,2025-07-15,2025-07-15,1,1,,no,none,stable,0,no,cluster2_25e43ffb3c51,"Is it possible that a poorly constructed AI fueling a worldwide fleet of robots could go truly, horribly wrong?"
theme3_ab190e6108e8,reasoning_common_sense,general_ai,causal,2026-01-06,2026-01-06,1,1,,no,none,stable,0,no,cluster2_9edbc6e463bb,"LeCun talks about world models, but (because of what appears to be an ego-related mental block against classical symbolic AI, which he has always allied himself against) I don’t think LeCun actually understands what a world model needs to be."
theme3_08ea1f8f4bfc,reasoning_common_sense,google,descriptive,2022-05-29,2022-05-29,1,1,,no,none,stable,0,no,cluster2_6d7cf5526dbb,"DeepMind’s newest star, just unveiled, Gato , is capable of cross-modal feats never seen before in AI, but still, when you look in the fine print, remains stuck in the same land of unreliability, moments of brilliance coupled with absolute discomprehension: Of course, it’s not uncommon for defenders of deep learning to make the reasonable point that humans make errors, too."
theme3_9d3a3aa0a56f,self_driving_robotics,google,normative,2023-02-17,2023-02-17,1,1,,no,none,stable,0,no,cluster2_2c0586cae5c3,"Not sure it is coincidence; my flight is about to take off but a quick note, on three major bits of AI news: Tesla FSD recall, today Google stock drop after Bard fiasco, last week Microsoft must be having a code red over the Bing meltdowns, especially with the bizarre conversation between Bing and Kevin Roose at NYT. perhaps the product might get paused?"
theme3_4c05ee8245b3,self_driving_robotics,google,descriptive,2023-02-17,2023-02-17,1,1,,no,none,stable,0,no,cluster2_524670a17076,"Tesla recall, MSFT Bing fail, and Google Bard fail are NOT independent; each reflect the fact that you cannot build AI in the real world from Big Data and deep learning alone."
theme3_c20b717d1357,hallucination_misinformation,google,predictive,2023-08-13,2023-08-13,1,1,near_term,no,none,stable,0,no,cluster2_bd8a1793e8d5,"Perhaps the only use case that really seemed compelling to either of us economically was search (e.g., using Bing powered by ChatGPT instead of Google Search) — but the technical problems there are immense; there is no reason to think that the hallucination problem will be solved soon."
theme3_0b8a4f26a16f,hallucination_misinformation,google,normative,2024-04-06,2024-04-06,1,1,2022-12-31,no,none,stable,0,no,cluster2_61dd4ed7fae2,"Among many other essays was my December 10, 2022 essay on AI’s Jurassic Park moment (“New systems like chatGPT are enormously entertaining, and even mind-boggling, but also unreliable, and potentially dangerous.”), an essay in The Atlantic (“Bad actors could seize on large language models to engineer falsehoods at unprecedented scale.”), and my warning that Google should worry about polluting its own well (“How sewers of lies could spell the end of web search”)."
theme3_16db13f00387,reasoning_common_sense,google,causal,2025-01-01,2025-01-01,1,1,,no,none,stable,0,no,cluster2_70de267b3de7,"(Google’s Veo 2 seems to be better but I have not been able to experiment with it, and suspect that changes of state and the persistence of objects will still cause problems; a separate not-yet-fully released hybrid system called Genesis that works on different principles looks potentially interesting.) Neurosymbolic AI will become much more prominent ."
theme3_c1d277607edd,reasoning_common_sense,google,normative,2025-01-05,2025-01-05,1,1,,no,none,stable,0,no,cluster2_41505c80640e,"Typical example of an AI struggling with common sense, via Gur Kimchi who asked Google’s AI Overview “How many elephants can fit an Olympic pool?” “There must be a way out of here,"" said the joker to the thief, ""There's too much confusion, I can't get no relief.” — Bob Dylan John McCarthy, one of the true godfathers of AI, and the person who actually coined the term Artificial Intelligence, is rarely mentioned nowadays."
theme3_fc9bd1ed6aeb,scaling_limits,google,predictive,2025-02-13,2025-02-13,1,1,,no,none,stable,0,no,cluster2_e75366411560,"A security and privacy researcher who works for Google DeepMind (but who spoke for herself, not the company) spelled it out : § As I have always said, AI will go on; the death of pure scaling is not the death of AI."
theme3_66474188f998,market_hype_bubble,google,predictive,2025-12-01,2025-12-01,1,1,2024-12-31,no,none,stable,0,no,cluster2_f436f9361ae6,"By one estimate , Meta, Amazon, Microsoft, Google, and Tesla will by the end of this year have collectively spent $560 billion on AI-related capital expenditures since the beginning of 2024 and have brought in just $35 billion in AI-related revenue."
theme3_c36d63426d0a,market_hype_bubble,google,descriptive,2025-12-01,2025-12-01,1,1,,no,none,stable,0,no,cluster2_7e207889d450,"Steven Witt wrote in the New Yorker “ I think ChatGPT is maybe the most successful internet product in history. ”, overlooking a series of product like Amazon.com, Facebook, and Google’s search engine that have seen broader adoption and far greater profits."
theme3_884d8ba6d388,hallucination_misinformation,agi,predictive,2023-11-17,2023-11-17,1,1,near_term,no,none,stable,0,no,cluster2_d27a89f2e49d,"I had the temerity to argue, right in the middle of an AI explosion, that (a) scale was not everything; (ii) we had no serious solution to problems of compositionality (understanding whole in terms of their parts); (iii) hallucinations were not going away; (iv) reliability would continue to be a problem; (v) misinformation and factuality were unsolved and unlikely to be solved soon; and (vi) large language models would not get us to AGI and that we needed a new paradigm."
theme3_7e42adbbe8cc,hallucination_misinformation,agi,descriptive,2024-10-20,2024-10-20,1,1,,no,none,stable,0,no,cluster2_fe84bf7dcb06,"But then again, their products have always been served with large side order of bullshit, like when Sam said, apparently jokingly, that “AGI has been achieved internally”."
theme3_a6b68bc85bcf,reasoning_common_sense,agi,descriptive,2025-07-13,2025-07-13,1,1,2022-12-31,no,none,stable,0,no,cluster2_8c51df2a2f06,"(Few seem to have noticed the irony that came a few years later, when LeCun ultimately came around to making almost exactly the same points I was making then, declaring, e.g., that pure LLMs are not an adequate route to AGI, and emphasizing their limits in reasoning .) § The story was similar when my 2022 article Deep Learning is Hitting a Wall came out."
theme3_c41ab86ca4e1,reasoning_common_sense,regulation,causal,2023-08-28,2023-08-28,1,1,,no,none,stable,0,no,cluster2_5fe79b9f878c,"The number one reason I hear for not regulating AI is that if we do China will beat us, and if China beats us, we are all screwed, because they would use AI to different ends than we would."
theme3_174bb7f1a1a1,regulation_policy,regulation,causal,2024-06-28,2024-06-28,1,1,,no,none,stable,0,no,cluster2_2ad7f8b1ba89,"The markers that our next President puts down—about how much liability and responsibility companies will have, and about how the government keeps up with a rapidly changing technology— will have lasting impact. § The need for a President that speaks AI natively is more and more pressing because there has recently been a subtle shift in how the big tech companies are hyping AI."
theme3_a54614512de5,scaling_limits,regulation,descriptive,2024-11-10,2024-11-10,1,1,2022-12-31,no,none,stable,0,no,cluster2_5ce1c6819c0b,"We had discovered a new square in the periodic table” But, as I have been saying since 2022’s “ Deep Learning is Hitting a Wall ”, scaling laws” are not physical laws."
theme3_79c4816299f2,scaling_limits,regulation,normative,2024-11-24,2024-11-24,1,1,,no,none,stable,0,no,cluster2_2b80f447291a,"The new version is that there is not one scaling law, but three: scaling with how long you train a model (which isn’t really holding anymore), scaling with how long you post-train a model, and scaling with how long you let a given model wrestle with a given problem (or what Satya Nadella called scaling with “inference time compute”)."
theme3_4cd923f75a30,safety_alignment,regulation,predictive,2025-01-01,2025-01-01,1,1,,no,none,stable,0,no,cluster2_a703fcb5b101,"Profits from AI models will continue to be modest or nonexistent (chip-making companies will continue to do well though, in supplying hardware to the companies that build the models; shovels will continue to sell well throughout the gold rush.) The US will continue to have very little regulation protecting its consumers from the risks of generative AI."
theme3_1c72faf37cd5,agi_timeline,regulation,normative,2025-05-14,2025-05-14,1,1,within_10_years,no,none,stable,0,no,cluster2_04892b0d53be,"If you are among the 82% of Americans who think AI needs oversight, you need to call or write your Congress members now, or the door on AI regulation will slam shut at least for the next decade, if not forever, and we will be entirely at Silicon Valley’s mercy."
theme3_8fabf966d580,safety_alignment,regulation,causal,2025-05-16,2025-05-16,1,1,2023-12-31,no,none,stable,0,no,cluster2_3b74d3082777,"The real question is why the US government continues to place so much faith in Altman, given (a) his own track record, and (b) his own 2023 testimony to the Senate that AI could cause “cause significant harm to the world”."
theme3_1ebd4ce067d9,market_hype_bubble,llms,normative,2023-02-18,2023-02-18,1,1,,no,none,stable,0,no,cluster2_7c0e33ac37e0,"Needless to say — or, rather, this should be needless to say, but this obvious fact can get buried beneath the ongoing avalanche of hype — ChatGPT made all the same kinds of mistakes that its predecessors did ."
theme3_855ae3bb7be1,openai_governance,llms,descriptive,2023-08-14,2023-08-14,1,1,,no,none,stable,0,no,cluster2_8b86fc096dd3,"AI is not a magical economic engine; it works brilliantly in some use cases (such as selling ads, helping coders write code faster, playing classic board games) but in many others it simply isn’t reliable enough (e.g., truly autonomous driverless cars, medical diagnosis, ChatGPT-style search)."
theme3_90cdb2bb15e4,agents_reliability,llms,descriptive,2024-02-10,2024-02-10,1,1,,no,none,stable,0,no,cluster2_26f2bdfc8da4,The best realistic case is that LLM-based agents never see widespread release.
theme3_54e37b5b2981,self_driving_robotics,llms,descriptive,2025-07-13,2025-07-13,1,1,2022-12-31,no,none,stable,0,no,cluster2_c8ba0456cdff,"LeCun wrote on Facebook, in May 2022, a few months before he turned against LLMs, “Not only is Al not ""hitting a wall"", cars with Al-powered driving assistance aren't hitting walls, or anything else, either.” Musk circulated a meme that mentioned me which featured a cartoon of deep learning-powered robot smashing over walls and buildings ."
theme3_8fe0ad899072,scaling_limits,llms,causal,2025-10-22,2025-10-22,1,1,,no,none,stable,0,no,cluster2_e398112e4c83,"Meanwhile, just as I writing this, MSNBC reported that Airbnb CEO Chesky said on CNBC that “ ChatGPT isn’t ‘quite robust enough’ to integrate into travel app ”. § If and when the whole generative AI edifice comes crashing down, it will be in no small part because too many otherwise smart investors read too many graphs—from “LLM scaling” to usage statistics—too naively, assuming that things had been going up for a while would continue to go up at the same pace, indefinitely."
theme3_f122aba746fc,openai_governance,llms,causal,2025-11-18,2025-11-18,1,1,,no,none,stable,0,no,cluster2_28b4a92ae665,"In short ChatGPT can approximate the game of chess, but it can’t play it reliably , precisely because (despite immense relevant evidence) it never induces proper world model of the board and the rules."
theme3_b9f19c78c06d,copyright_ip,llms,causal,2026-02-10,2026-02-10,1,1,,no,none,stable,0,no,cluster2_92e064d23600,"The big problem, which has persisted since the beginning of LLMs, is that the reliability is not great, and hence returns on investment for most big corporate customers have been low (as multiple studies have now shown)."
theme3_8e1a0d0af076,agi_timeline,openai,causal,2023-02-16,2023-02-16,1,1,,no,none,stable,0,no,cluster2_3f1dd0762249,"LLMs give some illusion of having solved that (because they can talk about so much), and OpenAI just confirmed that they are working on a model with video input, which will surely be interesting, but I think that in achieving AGI we will have no choice but to find ways of integrating whatever we can get out of deep learning with explicit knowledge and explicit cognitive models ."
theme3_a49d43352868,hallucination_misinformation,openai,normative,2023-03-18,2023-03-18,1,1,,no,none,stable,0,no,cluster2_859703941f56,"Would you use a calculator that makes mistakes? § And by the way, no need to worry, says OpenAI, because our models can reason : Interview with ABC News, March 16 , mischaracterizing what GPT does True LLMs don’t (just) memorize, and true that their models make for lousy databases (for a database a hallucination is an outright fail) but if the definition of reasoning is to obtain valid conclusions from known facts, GPT-4 frequently falls short there, too."
theme3_3c58fbaf4439,safety_alignment,openai,normative,2024-02-04,2024-02-04,1,1,,no,none,stable,0,no,cluster2_b4705d69a903,"As OpenAI themselves note, there are a number of important methodological differences, including the types of LLMs used) It should go without saying that any risk-benefit analyses that with respect to the tradeoffs involved in AI needs to reflect studies that are not just methodologically sound but also interpreted accurately."
theme3_65d13d74dd78,agi_timeline,openai,normative,2024-03-01,2024-03-01,1,1,,no,none,stable,0,no,cluster2_6d1d8154005c,"Under its new board, it is not just developing but is actually refining an AGI to maximize profits for Microsoft, rather than for the benefit of humanity, … OpenAI, Inc.’s once carefully crafted non-profit structure was replaced by a purely profit-driven CEO and a Board with inferior technical expertise in AGI and AI public policy."
theme3_1d051096961b,scaling_limits,openai,predictive,2024-11-09,2024-11-09,1,1,,no,none,stable,0,no,cluster2_6709a62b1005,"Sky high valuation of companies like OpenAI and Microsoft are largely based on the notion that LLMs will, with continued scaling, become artificial general intelligence."
theme3_b9eb41933dd0,hallucination_misinformation,openai,causal,2024-12-08,2024-12-08,1,1,near_term,no,none,stable,0,no,cluster2_1130030bbd81,"Likewise, an AI with a known tendency to hallucinate things can be used to target weapon (this as may happen soon, given the recent announcement that OpenAI will collaborate with Anduril). • Newton deeply and doubly misrepresents me in this key passage: ““Therefore, superintelligence is unlikely to arrive any time soon, if ever."
theme3_5e564709c39c,regulation_policy,openai,descriptive,2025-05-22,2025-05-22,1,1,,no,none,stable,0,no,cluster2_65cade629881,"Sam Altman is laughing his way all the way to the bank. § Another political model – working with China, is never even considered."
theme3_dc8619624667,scaling_limits,openai,descriptive,2025-08-03,2025-08-03,1,1,,no,none,stable,0,no,cluster2_3ebb16bd341e,"One of the week’s most telling reports came from The Information , which, drawing on a scoop at OpenAI, basically affirmed what I have been saying all along (albeit without citing my earlier analyses): pure scaling is not getting us to AGI; returns are diminishing."
theme3_7fce72a0f3dd,self_driving_robotics,tesla,normative,2023-02-11,2023-02-11,1,1,,no,none,stable,0,no,cluster2_811ddefdca0b,"It calls its stuff “Autopilot” and “Full Self Driving”, but it tells the state of California that it doesn’t need to supply self-driving intervention rates because it’s software is actually only Level 2."
theme3_a258d61593cc,self_driving_robotics,tesla,causal,2023-02-13,2023-02-13,1,1,,no,none,stable,0,no,cluster2_77588a6075da,"At one point, in the question period, Musk argued that Tesla was likely to contribute to AI (and solve whatever needs solving) because it would have the most data and and the compute, weak version of the implausible alt intelligence hypothesis I discussed in May ."
theme3_91ef632a8c27,reasoning_common_sense,tesla,normative,2023-08-20,2023-08-20,1,1,,no,none,stable,0,no,cluster2_202e102ef045,"Dropping from “as smart as the Star Trek computer” to better than Joe Sixpack should not be our goal. § Things have actually changed, quite a bit, in a subtle way.A year and half ago, when I offered Elon Musk a bet about when AGI would come , the field generally thought my criteria were reasonable."
theme3_9f755cccecc5,regulation_policy,tesla,normative,2024-04-09,2024-04-09,1,1,,no,none,stable,0,no,cluster2_d82f49ebd26b,"When another Tesla fan asked me about it, I took the challenge and articulated three concerns: § Meanwhile, Wyatt Walls just pointed out some gruesome facts about LLMs and summarization: https://arxiv.org/pdf/2404.01261.pdf § Bonus track: Politico Tech interviewed me this morning on their podcast: The new article on AI policy that we discussed will be out tomorrow, at Politico."
theme3_0b7a44e78690,self_driving_robotics,tesla,descriptive,2024-06-01,2024-06-01,1,1,,no,none,stable,0,no,cluster2_b82b3dddd801,The ridicule started with my infamous “Deep Learning is Hit a Wall” essay (recently reevaluated here ); the deep learning world hated it so much they went a-meming; my personal favorite was always Joscha Bach’s stomping robot — reposted this morning by Elon Musk to his audience of millions.
theme3_e07ab2924ca9,safety_alignment,tesla,descriptive,2025-07-15,2025-07-15,1,1,,no,none,stable,0,no,cluster2_a4a5c31f5a1a,"ButI have seen enough to realize that there is a real risk, especially in the current anti-regulatory regime, that some exceptionally powerful person, Elon or otherwise, unconstrained in conventional ways, with a reckless disregard for humanity, could accidentally launch and spread an AI that deliberately or otherwise causes “ significant harm to the world ”."
theme3_4acd3c028f35,agi_timeline,meta,normative,2025-01-14,2025-01-14,1,1,,no,none,stable,0,no,cluster2_e081c211b857,"If you will pardon the metaphor, AGI should be able to stand on its own two feet."
theme3_be469008f20d,copyright_ip,meta,descriptive,2026-01-06,2026-01-06,1,1,,no,none,stable,0,no,cluster2_dae187f7ee6a,"(It’s only when ChatGPT eclipsed Meta that LeCun began to be sharply, publicly critical of LLMs) LeCun has in fact probably never cited my own critiques, and always presented his own critiques as if they were his own original ideas."
theme3_d8c7f3475f9e,scaling_limits,ai_safety,normative,2024-02-11,2024-02-11,1,1,,no,none,stable,0,no,cluster2_0e4d5a912071,"Let’s not by any means abandon research in AI, altogether—I do still see great hope if we can get to more trustworthy forms of AI—butfor now we should be focusing primarily on safety and innovative new approaches, rather than rushing to scale up existing and problematic architectures to unfathomable and unpredictable consequences."
theme3_6fb1ef5deff5,scaling_limits,ai_safety,descriptive,2024-08-10,2024-08-10,1,1,,no,none,stable,0,no,cluster2_57d44d4bf2ae,"Companies that can afford that, presumably valued in the billions, are not exactly ""little-tech."" • You say that you favor AI governance, but don't make any positive, concrete suggestion for how to address risks such as mass casualties, weapons of mass destruction, large-scale cyberattacks, and AI models autonomously committing serious felonies."
theme3_6f07286a29dd,reasoning_common_sense,ai_safety,normative,2024-08-20,2024-08-20,1,1,,no,none,stable,0,no,cluster2_f96f9fe71cf1,"The bill also sends a message to big tech that the quality of safety protocols, and internal investigations of safety, are relevant to the reasonable care standard — which can help to avoid Ford Pinto-like situations in which companies that should have known better fail to act."
theme3_e08a363477d6,scaling_limits,ai_safety,causal,2025-01-16,2025-01-16,1,1,,no,none,stable,0,no,cluster2_b34dc5cac6f3,"New paper at arXiv : If that’s not enough to make you nervous, there’s always this tweet from a couple days ago: Easily jailbroken AI agents that excel at mimicry but lack the capacity and imperative to evaluate the consequences of their actions are going to cause massive harm. “Mainlining them” into the veins of society , as the UK proposes to do, is a huge mistake."
theme3_6608404f688e,scaling_limits,ai_safety,predictive,2025-05-22,2025-05-22,1,1,,no,none,stable,0,no,cluster2_4180720acbcd,"The second issue is that by writing scenarios that trade so heavily on China-US conflict, they are feeding the worst fears of hawks, both in the US and China — escalating how much money and power both sides will give to companies racing as fast as possible, and reduce investments in efforts to mitigate the risks of building AI that we are scarcely able to control."
theme3_8cc71dd645bf,safety_alignment,microsoft,descriptive,2023-02-26,2023-02-26,1,1,,no,none,stable,0,no,cluster2_47a85f87a090,"A week after release, the chatbot - known internally within Microsoft as "" Sydney "" - was making entirely different headlines, this time for suggesting it would harm and blackmail users and wanted to escape its confines ."
theme3_16706773bfe0,copyright_ip,microsoft,descriptive,2023-02-26,2023-02-26,1,1,,no,none,stable,0,no,cluster2_286e22ae2fbc,Microsoft's decision to release its chatbot likely with prior knowledge of disturbing incidents is one example of ignoring the ethical principles they laid out in recent years.
theme3_f018463815f0,reasoning_common_sense,microsoft,normative,2023-09-22,2023-09-22,1,1,,no,none,stable,0,no,cluster2_f862018cc473,"Computers should be expected to make optimal use of information given, regardless of human limitations. 2 Bing uses some neurosymbolic supplementation to pure LLM’s, with some benefit on these type of problems, where there are known facts, but it is not yet clear how general the benefit is, and I would expect it to have trouble on the made-up facts that were used in Experiment 1."
theme3_fe6828136104,agi_timeline,microsoft,predictive,2024-02-12,2024-02-12,1,1,near_term,no,none,stable,0,no,cluster2_3835d16aa2fe,"I am not worried, immediately, about “AGI risk” (the risk of superintelligent machines beyond our control), in the near term I am worried about what I will call “MAI risk”—Mediocre AI that is unreliable (a la Bing and GPT-4) but widely deployed—both in terms of the sheer number of people using it, and in terms of the access that the software has to the world."
theme3_919f4cd32961,hallucination_misinformation,microsoft,normative,2024-04-17,2024-04-17,1,1,near_term,no,none,stable,0,no,cluster2_41a8b42f6a9b,"Microsoft’s Mustafa Suleyman promised that hallucinations would be cured “soon”, yet my X feed is still filled with examples like these from Princeton Professor Aleksandra Korolova: Suleyman promised, with enthusiasm, we were going to live in a world full of digital aliens, arguing that “ AI should best be understood as a new digital species. ” He didn’t give the slightest hint as to how we might solve the hallucination problem."
theme3_023d31465c4a,copyright_ip,microsoft,normative,2024-05-29,2024-05-29,1,1,,no,none,stable,0,no,cluster2_bfe1e65b01a8,"The first thing that I will tell you is that each of those not so-gentle men scored some points; neither kept things above the belt. § The second is that I probably should have listened to Gemini (courtesy Phil Libin) below, in one of its finer moments, and stayed out of this: Alas, I am now succumbing to peer pressure :( § So, game on, here are some snippets from the brawl."
theme3_17682cba7368,market_hype_bubble,microsoft,predictive,2025-03-27,2025-03-27,1,1,,no,none,stable,0,no,cluster2_48bb5d418826,"Here are just a few, just from the last few days: • NVidia, the largest company actually making serious profits from AI, is down 17.75% for the year, and (after a meteoric rise) clearly facing headwinds. • Microsoft appears to be pulling out of more data center contracts . • Alibaba Group chair Joseph Tsai became the latest to warn that the US was likely overinvesting in GenAI infrastructure . • User disillusionment continues to grow."
theme3_b889360f49df,agi_timeline,anthropic,predictive,2023-08-13,2023-08-13,1,1,,no,none,stable,0,no,cluster2_43f061855a06,"Dario Amodei, CEO of Anthropic, recently projected that we will have AGI in 2-3 years ."
theme3_74fdd247ed10,agi_timeline,anthropic,descriptive,2025-03-05,2025-03-05,1,1,,no,none,stable,0,no,cluster2_442cafe62889,"(The low point was when Klein said it was “slightly damning” that the Biden administration didn’t use Claude, presumably a security risk like all LLMs, to write its confidential memos.) Aside from mentioning a recent positive experience with Deep Research, Klein didn’t fully articulate why he was convinced AGI is likely imminent, beyond saying that folks in industry and government tell him so."
theme3_1741dd2488ee,scaling_limits,anthropic,descriptive,2025-11-18,2025-11-18,1,1,,no,none,stable,0,no,cluster2_f38e7db56387,"The same lack of capacity for representing and maintaining world models over time that explains the other examples in this essay is likely involved in poker as well. ) Don’t even get me started on math, like the time Claude miscalculated 8.8-8.11 as -0.31. § A couple days ago Anthropic reported the results of something called Project Vend, in which Claude tried to run a small shop ."
theme3_641e64cb86a3,reasoning_common_sense,anthropic,causal,2026-02-04,2026-02-04,1,1,,no,none,stable,0,no,cluster2_7f6507eb5159,"The best news here is that with LLM mania subsiding, there might actually be a chance for newcomers to try new things. 1 People are likely rotating out of tech stocks for two almost contradictory reasons: some may be leaving companies like Nvidia out of concerns about circular financing and profitability of LLM companies, while others are leaving traditional companies like Salesforce because they’re worried about companies like Anthropic replacing traditional software."
