theme3_id,theme_label,target_mode,claim_type_mode,first_date,last_date,claim_occurrences,goalpost_shift_candidate,status_at_eval,confidence,as_of_date,reason,sources
theme3_7d22014cb9c1,openai_governance,openai,predictive,2023-10-17,2026-02-27,21,yes,contradicted,medium,2026-03-02,GPT-5 launched publicly; specific deferment/failure framing is contradicted by release evidence.,https://openai.com/index/introducing-gpt-5/;https://openai.com/our-structure/
theme3_6243728cd866,openai_governance,openai,descriptive,2023-09-21,2026-01-13,12,no,contradicted,high,2026-03-02,"Specific GPT-5 pause/defer/failure framing conflicts with documented public GPT-5 release on August 7, 2025.",https://openai.com/index/introducing-gpt-5/;https://openai.com/our-structure/
theme3_843083c99dae,hallucination_misinformation,llms,descriptive,2023-02-16,2025-12-01,11,no,supported,high,2026-03-02,"Cross-vendor documentation (OpenAI, Google Gemini, Anthropic) indicates hallucinations/errors still occur, though mitigations have improved.",https://openai.com/blog/why-language-models-hallucinate/;https://openai.com/blog/gpt-5-system-card/;https://openai.com/index/openai-o1-system-card/;https://storage.googleapis.com/deepmind-media/Model-Cards/Gemini-3-Pro-Model-Card.pdf;https://support.google.com/gemini/answer/13594961;https://www.anthropic.com/system-cards;https://www-cdn.anthropic.com/07b2a3f9902ee19fe39a36ca638e5ae987bc64dd.pdf;https://support.anthropic.com/en/articles/8525154-claude-is-providing-incorrect-or-misleading-responses-what-s-going-on
theme3_edacd814a9aa,hallucination_misinformation,ai_safety,predictive,2023-02-14,2026-01-06,11,no,supported,high,2026-03-02,"Cross-vendor documentation (OpenAI, Google Gemini, Anthropic) indicates hallucinations/errors still occur, though mitigations have improved.",https://openai.com/blog/why-language-models-hallucinate/;https://openai.com/blog/gpt-5-system-card/;https://openai.com/index/openai-o1-system-card/;https://storage.googleapis.com/deepmind-media/Model-Cards/Gemini-3-Pro-Model-Card.pdf;https://support.google.com/gemini/answer/13594961;https://www.anthropic.com/system-cards;https://www-cdn.anthropic.com/07b2a3f9902ee19fe39a36ca638e5ae987bc64dd.pdf;https://support.anthropic.com/en/articles/8525154-claude-is-providing-incorrect-or-misleading-responses-what-s-going-on
theme3_a708e869f9a5,hallucination_misinformation,llms,predictive,2023-02-15,2025-12-30,9,yes,supported,high,2026-03-02,"Cross-vendor documentation (OpenAI, Google Gemini, Anthropic) indicates hallucinations/errors still occur, though mitigations have improved.",https://openai.com/blog/why-language-models-hallucinate/;https://openai.com/blog/gpt-5-system-card/;https://openai.com/index/openai-o1-system-card/;https://storage.googleapis.com/deepmind-media/Model-Cards/Gemini-3-Pro-Model-Card.pdf;https://support.google.com/gemini/answer/13594961;https://www.anthropic.com/system-cards;https://www-cdn.anthropic.com/07b2a3f9902ee19fe39a36ca638e5ae987bc64dd.pdf;https://support.anthropic.com/en/articles/8525154-claude-is-providing-incorrect-or-misleading-responses-what-s-going-on
theme3_97d445ef04e0,hallucination_misinformation,general_ai,descriptive,2023-02-13,2023-08-28,4,no,supported,high,2026-03-02,"Cross-vendor documentation (OpenAI, Google Gemini, Anthropic) indicates hallucinations/errors still occur, though mitigations have improved.",https://openai.com/blog/why-language-models-hallucinate/;https://openai.com/blog/gpt-5-system-card/;https://openai.com/index/openai-o1-system-card/;https://storage.googleapis.com/deepmind-media/Model-Cards/Gemini-3-Pro-Model-Card.pdf;https://support.google.com/gemini/answer/13594961;https://www.anthropic.com/system-cards;https://www-cdn.anthropic.com/07b2a3f9902ee19fe39a36ca638e5ae987bc64dd.pdf;https://support.anthropic.com/en/articles/8525154-claude-is-providing-incorrect-or-misleading-responses-what-s-going-on
theme3_bf5474b08c03,hallucination_misinformation,ai_safety,descriptive,2023-03-11,2025-11-18,4,no,supported,high,2026-03-02,"Cross-vendor documentation (OpenAI, Google Gemini, Anthropic) indicates hallucinations/errors still occur, though mitigations have improved.",https://openai.com/blog/why-language-models-hallucinate/;https://openai.com/blog/gpt-5-system-card/;https://openai.com/index/openai-o1-system-card/;https://storage.googleapis.com/deepmind-media/Model-Cards/Gemini-3-Pro-Model-Card.pdf;https://support.google.com/gemini/answer/13594961;https://www.anthropic.com/system-cards;https://www-cdn.anthropic.com/07b2a3f9902ee19fe39a36ca638e5ae987bc64dd.pdf;https://support.anthropic.com/en/articles/8525154-claude-is-providing-incorrect-or-misleading-responses-what-s-going-on
theme3_1f57bba83c5b,hallucination_misinformation,regulation,descriptive,2023-07-08,2024-12-08,3,no,supported,high,2026-03-02,"Cross-vendor documentation (OpenAI, Google Gemini, Anthropic) indicates hallucinations/errors still occur, though mitigations have improved.",https://openai.com/blog/why-language-models-hallucinate/;https://openai.com/blog/gpt-5-system-card/;https://openai.com/index/openai-o1-system-card/;https://storage.googleapis.com/deepmind-media/Model-Cards/Gemini-3-Pro-Model-Card.pdf;https://support.google.com/gemini/answer/13594961;https://www.anthropic.com/system-cards;https://www-cdn.anthropic.com/07b2a3f9902ee19fe39a36ca638e5ae987bc64dd.pdf;https://support.anthropic.com/en/articles/8525154-claude-is-providing-incorrect-or-misleading-responses-what-s-going-on
theme3_84ad1984d6b1,hallucination_misinformation,openai,predictive,2023-11-26,2025-12-01,3,no,supported,high,2026-03-02,"Cross-vendor documentation (OpenAI, Google Gemini, Anthropic) indicates hallucinations/errors still occur, though mitigations have improved.",https://openai.com/blog/why-language-models-hallucinate/;https://openai.com/blog/gpt-5-system-card/;https://openai.com/index/openai-o1-system-card/;https://storage.googleapis.com/deepmind-media/Model-Cards/Gemini-3-Pro-Model-Card.pdf;https://support.google.com/gemini/answer/13594961;https://www.anthropic.com/system-cards;https://www-cdn.anthropic.com/07b2a3f9902ee19fe39a36ca638e5ae987bc64dd.pdf;https://support.anthropic.com/en/articles/8525154-claude-is-providing-incorrect-or-misleading-responses-what-s-going-on
theme3_d9446e6d7328,hallucination_misinformation,general_ai,predictive,2023-02-09,2024-07-28,3,no,supported,high,2026-03-02,"Cross-vendor documentation (OpenAI, Google Gemini, Anthropic) indicates hallucinations/errors still occur, though mitigations have improved.",https://openai.com/blog/why-language-models-hallucinate/;https://openai.com/blog/gpt-5-system-card/;https://openai.com/index/openai-o1-system-card/;https://storage.googleapis.com/deepmind-media/Model-Cards/Gemini-3-Pro-Model-Card.pdf;https://support.google.com/gemini/answer/13594961;https://www.anthropic.com/system-cards;https://www-cdn.anthropic.com/07b2a3f9902ee19fe39a36ca638e5ae987bc64dd.pdf;https://support.anthropic.com/en/articles/8525154-claude-is-providing-incorrect-or-misleading-responses-what-s-going-on
theme3_1a14a35b5ae3,hallucination_misinformation,google,descriptive,2023-11-03,2025-10-16,2,no,supported,high,2026-03-02,"Cross-vendor documentation (OpenAI, Google Gemini, Anthropic) indicates hallucinations/errors still occur, though mitigations have improved.",https://openai.com/blog/why-language-models-hallucinate/;https://openai.com/blog/gpt-5-system-card/;https://openai.com/index/openai-o1-system-card/;https://storage.googleapis.com/deepmind-media/Model-Cards/Gemini-3-Pro-Model-Card.pdf;https://support.google.com/gemini/answer/13594961;https://www.anthropic.com/system-cards;https://www-cdn.anthropic.com/07b2a3f9902ee19fe39a36ca638e5ae987bc64dd.pdf;https://support.anthropic.com/en/articles/8525154-claude-is-providing-incorrect-or-misleading-responses-what-s-going-on
theme3_d1fa2955645a,hallucination_misinformation,llms,causal,2024-02-06,2025-08-04,2,no,supported,high,2026-03-02,"Cross-vendor documentation (OpenAI, Google Gemini, Anthropic) indicates hallucinations/errors still occur, though mitigations have improved.",https://openai.com/blog/why-language-models-hallucinate/;https://openai.com/blog/gpt-5-system-card/;https://openai.com/index/openai-o1-system-card/;https://storage.googleapis.com/deepmind-media/Model-Cards/Gemini-3-Pro-Model-Card.pdf;https://support.google.com/gemini/answer/13594961;https://www.anthropic.com/system-cards;https://www-cdn.anthropic.com/07b2a3f9902ee19fe39a36ca638e5ae987bc64dd.pdf;https://support.anthropic.com/en/articles/8525154-claude-is-providing-incorrect-or-misleading-responses-what-s-going-on
theme3_f099539befa0,hallucination_misinformation,meta,descriptive,2023-08-27,2024-04-06,2,no,supported,high,2026-03-02,"Cross-vendor documentation (OpenAI, Google Gemini, Anthropic) indicates hallucinations/errors still occur, though mitigations have improved.",https://openai.com/blog/why-language-models-hallucinate/;https://openai.com/blog/gpt-5-system-card/;https://openai.com/index/openai-o1-system-card/;https://storage.googleapis.com/deepmind-media/Model-Cards/Gemini-3-Pro-Model-Card.pdf;https://support.google.com/gemini/answer/13594961;https://www.anthropic.com/system-cards;https://www-cdn.anthropic.com/07b2a3f9902ee19fe39a36ca638e5ae987bc64dd.pdf;https://support.anthropic.com/en/articles/8525154-claude-is-providing-incorrect-or-misleading-responses-what-s-going-on
theme3_7e42adbbe8cc,hallucination_misinformation,agi,descriptive,2024-10-20,2024-10-20,1,no,supported,high,2026-03-02,"Cross-vendor documentation (OpenAI, Google Gemini, Anthropic) indicates hallucinations/errors still occur, though mitigations have improved.",https://openai.com/blog/why-language-models-hallucinate/;https://openai.com/blog/gpt-5-system-card/;https://openai.com/index/openai-o1-system-card/;https://storage.googleapis.com/deepmind-media/Model-Cards/Gemini-3-Pro-Model-Card.pdf;https://support.google.com/gemini/answer/13594961;https://www.anthropic.com/system-cards;https://www-cdn.anthropic.com/07b2a3f9902ee19fe39a36ca638e5ae987bc64dd.pdf;https://support.anthropic.com/en/articles/8525154-claude-is-providing-incorrect-or-misleading-responses-what-s-going-on
theme3_884d8ba6d388,hallucination_misinformation,agi,predictive,2023-11-17,2023-11-17,1,no,supported,high,2026-03-02,"Cross-vendor documentation (OpenAI, Google Gemini, Anthropic) indicates hallucinations/errors still occur, though mitigations have improved.",https://openai.com/blog/why-language-models-hallucinate/;https://openai.com/blog/gpt-5-system-card/;https://openai.com/index/openai-o1-system-card/;https://storage.googleapis.com/deepmind-media/Model-Cards/Gemini-3-Pro-Model-Card.pdf;https://support.google.com/gemini/answer/13594961;https://www.anthropic.com/system-cards;https://www-cdn.anthropic.com/07b2a3f9902ee19fe39a36ca638e5ae987bc64dd.pdf;https://support.anthropic.com/en/articles/8525154-claude-is-providing-incorrect-or-misleading-responses-what-s-going-on
theme3_b9eb41933dd0,hallucination_misinformation,openai,causal,2024-12-08,2024-12-08,1,no,supported,high,2026-03-02,"Cross-vendor documentation (OpenAI, Google Gemini, Anthropic) indicates hallucinations/errors still occur, though mitigations have improved.",https://openai.com/blog/why-language-models-hallucinate/;https://openai.com/blog/gpt-5-system-card/;https://openai.com/index/openai-o1-system-card/;https://storage.googleapis.com/deepmind-media/Model-Cards/Gemini-3-Pro-Model-Card.pdf;https://support.google.com/gemini/answer/13594961;https://www.anthropic.com/system-cards;https://www-cdn.anthropic.com/07b2a3f9902ee19fe39a36ca638e5ae987bc64dd.pdf;https://support.anthropic.com/en/articles/8525154-claude-is-providing-incorrect-or-misleading-responses-what-s-going-on
theme3_c0445b574603,hallucination_misinformation,general_ai,causal,2025-03-27,2025-03-27,1,no,supported,high,2026-03-02,"Cross-vendor documentation (OpenAI, Google Gemini, Anthropic) indicates hallucinations/errors still occur, though mitigations have improved.",https://openai.com/blog/why-language-models-hallucinate/;https://openai.com/blog/gpt-5-system-card/;https://openai.com/index/openai-o1-system-card/;https://storage.googleapis.com/deepmind-media/Model-Cards/Gemini-3-Pro-Model-Card.pdf;https://support.google.com/gemini/answer/13594961;https://www.anthropic.com/system-cards;https://www-cdn.anthropic.com/07b2a3f9902ee19fe39a36ca638e5ae987bc64dd.pdf;https://support.anthropic.com/en/articles/8525154-claude-is-providing-incorrect-or-misleading-responses-what-s-going-on
theme3_c20b717d1357,hallucination_misinformation,google,predictive,2023-08-13,2023-08-13,1,no,supported,high,2026-03-02,"Cross-vendor documentation (OpenAI, Google Gemini, Anthropic) indicates hallucinations/errors still occur, though mitigations have improved.",https://openai.com/blog/why-language-models-hallucinate/;https://openai.com/blog/gpt-5-system-card/;https://openai.com/index/openai-o1-system-card/;https://storage.googleapis.com/deepmind-media/Model-Cards/Gemini-3-Pro-Model-Card.pdf;https://support.google.com/gemini/answer/13594961;https://www.anthropic.com/system-cards;https://www-cdn.anthropic.com/07b2a3f9902ee19fe39a36ca638e5ae987bc64dd.pdf;https://support.anthropic.com/en/articles/8525154-claude-is-providing-incorrect-or-misleading-responses-what-s-going-on
theme3_45dd29a88dd4,safety_alignment,ai_safety,descriptive,2023-04-02,2026-02-13,15,no,mixed,medium,2026-03-02,"Safety evidence is bidirectional: capabilities/safeguards improved, but documented residual risk remains.",https://openai.com/blog/gpt-5-system-card/;https://openai.com/index/openai-o1-system-card/;https://deepmind.google/models/model-cards/gemini-3-1-pro/;https://storage.googleapis.com/deepmind-media/Model-Cards/Gemini-3-Pro-Model-Card.pdf;https://www.anthropic.com/system-cards;https://www-cdn.anthropic.com/07b2a3f9902ee19fe39a36ca638e5ae987bc64dd.pdf
theme3_1153785f29bf,safety_alignment,ai_safety,predictive,2023-02-16,2026-02-23,11,no,mixed,medium,2026-03-02,"Safety evidence is bidirectional: capabilities/safeguards improved, but documented residual risk remains.",https://openai.com/blog/gpt-5-system-card/;https://openai.com/index/openai-o1-system-card/;https://deepmind.google/models/model-cards/gemini-3-1-pro/;https://storage.googleapis.com/deepmind-media/Model-Cards/Gemini-3-Pro-Model-Card.pdf;https://www.anthropic.com/system-cards;https://www-cdn.anthropic.com/07b2a3f9902ee19fe39a36ca638e5ae987bc64dd.pdf
theme3_696ea994cd91,safety_alignment,ai_safety,causal,2023-08-27,2025-06-23,9,no,mixed,medium,2026-03-02,"Safety evidence is bidirectional: capabilities/safeguards improved, but documented residual risk remains.",https://openai.com/blog/gpt-5-system-card/;https://openai.com/index/openai-o1-system-card/;https://deepmind.google/models/model-cards/gemini-3-1-pro/;https://storage.googleapis.com/deepmind-media/Model-Cards/Gemini-3-Pro-Model-Card.pdf;https://www.anthropic.com/system-cards;https://www-cdn.anthropic.com/07b2a3f9902ee19fe39a36ca638e5ae987bc64dd.pdf
theme3_8fe53b7d86e3,regulation_policy,regulation,predictive,2023-02-26,2026-02-01,8,no,mixed,medium,2026-03-02,"Regulatory rollout is real (EU AI Act timetable), but many policy-effect claims remain open and jurisdiction-specific.",https://ai-act-service-desk.ec.europa.eu/en/ai-act/article-113
theme3_aa23f30fb332,safety_alignment,llms,predictive,2023-02-15,2025-12-09,7,no,mixed,medium,2026-03-02,"Safety evidence is bidirectional: capabilities/safeguards improved, but documented residual risk remains.",https://openai.com/blog/gpt-5-system-card/;https://openai.com/index/openai-o1-system-card/;https://deepmind.google/models/model-cards/gemini-3-1-pro/;https://storage.googleapis.com/deepmind-media/Model-Cards/Gemini-3-Pro-Model-Card.pdf;https://www.anthropic.com/system-cards;https://www-cdn.anthropic.com/07b2a3f9902ee19fe39a36ca638e5ae987bc64dd.pdf
theme3_b0820e15e283,regulation_policy,regulation,descriptive,2023-11-20,2025-12-13,6,no,mixed,medium,2026-03-02,"Regulatory rollout is real (EU AI Act timetable), but many policy-effect claims remain open and jurisdiction-specific.",https://ai-act-service-desk.ec.europa.eu/en/ai-act/article-113
theme3_5050e9c2cf3b,safety_alignment,regulation,descriptive,2023-06-08,2026-02-01,5,no,mixed,medium,2026-03-02,"Safety evidence is bidirectional: capabilities/safeguards improved, but documented residual risk remains.",https://openai.com/blog/gpt-5-system-card/;https://openai.com/index/openai-o1-system-card/;https://deepmind.google/models/model-cards/gemini-3-1-pro/;https://storage.googleapis.com/deepmind-media/Model-Cards/Gemini-3-Pro-Model-Card.pdf;https://www.anthropic.com/system-cards;https://www-cdn.anthropic.com/07b2a3f9902ee19fe39a36ca638e5ae987bc64dd.pdf
theme3_68780a9144b2,regulation_policy,llms,predictive,2023-03-12,2025-11-27,5,no,mixed,medium,2026-03-02,"Regulatory rollout is real (EU AI Act timetable), but many policy-effect claims remain open and jurisdiction-specific.",https://ai-act-service-desk.ec.europa.eu/en/ai-act/article-113
theme3_b1a2bbb9ed57,safety_alignment,llms,descriptive,2023-02-14,2025-11-18,5,no,mixed,medium,2026-03-02,"Safety evidence is bidirectional: capabilities/safeguards improved, but documented residual risk remains.",https://openai.com/blog/gpt-5-system-card/;https://openai.com/index/openai-o1-system-card/;https://deepmind.google/models/model-cards/gemini-3-1-pro/;https://storage.googleapis.com/deepmind-media/Model-Cards/Gemini-3-Pro-Model-Card.pdf;https://www.anthropic.com/system-cards;https://www-cdn.anthropic.com/07b2a3f9902ee19fe39a36ca638e5ae987bc64dd.pdf
theme3_35dcaa96810a,safety_alignment,openai,predictive,2023-11-19,2024-08-23,4,no,mixed,medium,2026-03-02,"Safety evidence is bidirectional: capabilities/safeguards improved, but documented residual risk remains.",https://openai.com/blog/gpt-5-system-card/;https://openai.com/index/openai-o1-system-card/;https://deepmind.google/models/model-cards/gemini-3-1-pro/;https://storage.googleapis.com/deepmind-media/Model-Cards/Gemini-3-Pro-Model-Card.pdf;https://www.anthropic.com/system-cards;https://www-cdn.anthropic.com/07b2a3f9902ee19fe39a36ca638e5ae987bc64dd.pdf
theme3_2a82b0d65531,safety_alignment,general_ai,predictive,2023-10-26,2025-05-22,3,no,mixed,medium,2026-03-02,"Safety evidence is bidirectional: capabilities/safeguards improved, but documented residual risk remains.",https://openai.com/blog/gpt-5-system-card/;https://openai.com/index/openai-o1-system-card/;https://deepmind.google/models/model-cards/gemini-3-1-pro/;https://storage.googleapis.com/deepmind-media/Model-Cards/Gemini-3-Pro-Model-Card.pdf;https://www.anthropic.com/system-cards;https://www-cdn.anthropic.com/07b2a3f9902ee19fe39a36ca638e5ae987bc64dd.pdf
theme3_7e94375ad3bc,regulation_policy,general_ai,predictive,2024-02-21,2025-04-17,3,no,mixed,medium,2026-03-02,"Regulatory rollout is real (EU AI Act timetable), but many policy-effect claims remain open and jurisdiction-specific.",https://ai-act-service-desk.ec.europa.eu/en/ai-act/article-113
theme3_b801791847b6,safety_alignment,openai,descriptive,2024-05-26,2024-10-24,3,no,mixed,medium,2026-03-02,"Safety evidence is bidirectional: capabilities/safeguards improved, but documented residual risk remains.",https://openai.com/blog/gpt-5-system-card/;https://openai.com/index/openai-o1-system-card/;https://deepmind.google/models/model-cards/gemini-3-1-pro/;https://storage.googleapis.com/deepmind-media/Model-Cards/Gemini-3-Pro-Model-Card.pdf;https://www.anthropic.com/system-cards;https://www-cdn.anthropic.com/07b2a3f9902ee19fe39a36ca638e5ae987bc64dd.pdf
theme3_cefbd7e78334,regulation_policy,llms,descriptive,2023-08-13,2026-01-06,3,no,mixed,medium,2026-03-02,"Regulatory rollout is real (EU AI Act timetable), but many policy-effect claims remain open and jurisdiction-specific.",https://ai-act-service-desk.ec.europa.eu/en/ai-act/article-113
theme3_d74dcfc359c8,safety_alignment,general_ai,descriptive,2023-03-18,2025-11-19,3,no,mixed,medium,2026-03-02,"Safety evidence is bidirectional: capabilities/safeguards improved, but documented residual risk remains.",https://openai.com/blog/gpt-5-system-card/;https://openai.com/index/openai-o1-system-card/;https://deepmind.google/models/model-cards/gemini-3-1-pro/;https://storage.googleapis.com/deepmind-media/Model-Cards/Gemini-3-Pro-Model-Card.pdf;https://www.anthropic.com/system-cards;https://www-cdn.anthropic.com/07b2a3f9902ee19fe39a36ca638e5ae987bc64dd.pdf
theme3_4d4c7585d973,regulation_policy,openai,predictive,2024-02-06,2024-08-23,2,no,mixed,medium,2026-03-02,"Regulatory rollout is real (EU AI Act timetable), but many policy-effect claims remain open and jurisdiction-specific.",https://ai-act-service-desk.ec.europa.eu/en/ai-act/article-113
theme3_8e4a7ba67b7e,safety_alignment,llms,causal,2023-04-04,2025-06-23,2,no,mixed,medium,2026-03-02,"Safety evidence is bidirectional: capabilities/safeguards improved, but documented residual risk remains.",https://openai.com/blog/gpt-5-system-card/;https://openai.com/index/openai-o1-system-card/;https://deepmind.google/models/model-cards/gemini-3-1-pro/;https://storage.googleapis.com/deepmind-media/Model-Cards/Gemini-3-Pro-Model-Card.pdf;https://www.anthropic.com/system-cards;https://www-cdn.anthropic.com/07b2a3f9902ee19fe39a36ca638e5ae987bc64dd.pdf
theme3_baac05bbb9c7,safety_alignment,tesla,predictive,2023-02-13,2025-07-15,2,no,mixed,medium,2026-03-02,"Safety evidence is bidirectional: capabilities/safeguards improved, but documented residual risk remains.",https://openai.com/blog/gpt-5-system-card/;https://openai.com/index/openai-o1-system-card/;https://deepmind.google/models/model-cards/gemini-3-1-pro/;https://storage.googleapis.com/deepmind-media/Model-Cards/Gemini-3-Pro-Model-Card.pdf;https://www.anthropic.com/system-cards;https://www-cdn.anthropic.com/07b2a3f9902ee19fe39a36ca638e5ae987bc64dd.pdf
theme3_174bb7f1a1a1,regulation_policy,regulation,causal,2024-06-28,2024-06-28,1,no,mixed,medium,2026-03-02,"Regulatory rollout is real (EU AI Act timetable), but many policy-effect claims remain open and jurisdiction-specific.",https://ai-act-service-desk.ec.europa.eu/en/ai-act/article-113
theme3_419123be14a2,regulation_policy,general_ai,descriptive,2023-09-21,2023-09-21,1,no,mixed,medium,2026-03-02,"Regulatory rollout is real (EU AI Act timetable), but many policy-effect claims remain open and jurisdiction-specific.",https://ai-act-service-desk.ec.europa.eu/en/ai-act/article-113
theme3_4cd923f75a30,safety_alignment,regulation,predictive,2025-01-01,2025-01-01,1,no,mixed,medium,2026-03-02,"Safety evidence is bidirectional: capabilities/safeguards improved, but documented residual risk remains.",https://openai.com/blog/gpt-5-system-card/;https://openai.com/index/openai-o1-system-card/;https://deepmind.google/models/model-cards/gemini-3-1-pro/;https://storage.googleapis.com/deepmind-media/Model-Cards/Gemini-3-Pro-Model-Card.pdf;https://www.anthropic.com/system-cards;https://www-cdn.anthropic.com/07b2a3f9902ee19fe39a36ca638e5ae987bc64dd.pdf
theme3_5e564709c39c,regulation_policy,openai,descriptive,2025-05-22,2025-05-22,1,no,mixed,medium,2026-03-02,"Regulatory rollout is real (EU AI Act timetable), but many policy-effect claims remain open and jurisdiction-specific.",https://ai-act-service-desk.ec.europa.eu/en/ai-act/article-113
theme3_8cc71dd645bf,safety_alignment,microsoft,descriptive,2023-02-26,2023-02-26,1,no,mixed,medium,2026-03-02,"Safety evidence is bidirectional: capabilities/safeguards improved, but documented residual risk remains.",https://openai.com/blog/gpt-5-system-card/;https://openai.com/index/openai-o1-system-card/;https://deepmind.google/models/model-cards/gemini-3-1-pro/;https://storage.googleapis.com/deepmind-media/Model-Cards/Gemini-3-Pro-Model-Card.pdf;https://www.anthropic.com/system-cards;https://www-cdn.anthropic.com/07b2a3f9902ee19fe39a36ca638e5ae987bc64dd.pdf
theme3_8fabf966d580,safety_alignment,regulation,causal,2025-05-16,2025-05-16,1,no,mixed,medium,2026-03-02,"Safety evidence is bidirectional: capabilities/safeguards improved, but documented residual risk remains.",https://openai.com/blog/gpt-5-system-card/;https://openai.com/index/openai-o1-system-card/;https://deepmind.google/models/model-cards/gemini-3-1-pro/;https://storage.googleapis.com/deepmind-media/Model-Cards/Gemini-3-Pro-Model-Card.pdf;https://www.anthropic.com/system-cards;https://www-cdn.anthropic.com/07b2a3f9902ee19fe39a36ca638e5ae987bc64dd.pdf
theme3_e07ab2924ca9,safety_alignment,tesla,descriptive,2025-07-15,2025-07-15,1,no,mixed,medium,2026-03-02,"Safety evidence is bidirectional: capabilities/safeguards improved, but documented residual risk remains.",https://openai.com/blog/gpt-5-system-card/;https://openai.com/index/openai-o1-system-card/;https://deepmind.google/models/model-cards/gemini-3-1-pro/;https://storage.googleapis.com/deepmind-media/Model-Cards/Gemini-3-Pro-Model-Card.pdf;https://www.anthropic.com/system-cards;https://www-cdn.anthropic.com/07b2a3f9902ee19fe39a36ca638e5ae987bc64dd.pdf
theme3_3c553598e33f,agi_timeline,agi,predictive,2023-02-11,2025-12-01,41,yes,unresolved,high,2026-03-02,Timeline horizon extends beyond evaluation date.,https://openai.com/index/introducing-gpt-5/
theme3_f3ab8db480f5,agi_timeline,agi,descriptive,2023-02-15,2025-12-01,26,no,unresolved,medium,2026-03-02,Downgraded from mixed for high-precision pass: claim remains too broad/ambiguous for decisive adjudication.,https://openai.com/index/introducing-gpt-5/;https://deepmind.google/models/model-cards/gemini-3-1-pro/;https://www.anthropic.com/system-cards
theme3_e1bb6980432f,reasoning_common_sense,general_ai,descriptive,2023-02-13,2026-01-06,17,no,unresolved,medium,2026-03-02,Theme remains open-ended or lacks a closed measurement endpoint by the as-of date.,https://openai.com/index/introducing-gpt-5/;https://openai.com/blog/gpt-5-system-card/;https://deepmind.google/models/model-cards/;https://storage.googleapis.com/deepmind-media/Model-Cards/Gemini-3-Pro-Model-Card.pdf;https://www.anthropic.com/system-cards;https://www-cdn.anthropic.com/07b2a3f9902ee19fe39a36ca638e5ae987bc64dd.pdf
theme3_0fb5a9767582,reasoning_common_sense,general_ai,predictive,2023-02-16,2025-07-15,14,yes,unresolved,medium,2026-03-02,Theme remains open-ended or lacks a closed measurement endpoint by the as-of date.,https://openai.com/index/introducing-gpt-5/;https://openai.com/blog/gpt-5-system-card/;https://deepmind.google/models/model-cards/;https://storage.googleapis.com/deepmind-media/Model-Cards/Gemini-3-Pro-Model-Card.pdf;https://www.anthropic.com/system-cards;https://www-cdn.anthropic.com/07b2a3f9902ee19fe39a36ca638e5ae987bc64dd.pdf
theme3_051f3b425aa5,reasoning_common_sense,llms,predictive,2023-02-15,2025-12-30,12,yes,unresolved,medium,2026-03-02,Theme remains open-ended or lacks a closed measurement endpoint by the as-of date.,https://openai.com/index/introducing-gpt-5/;https://openai.com/blog/gpt-5-system-card/;https://deepmind.google/models/model-cards/;https://storage.googleapis.com/deepmind-media/Model-Cards/Gemini-3-Pro-Model-Card.pdf;https://www.anthropic.com/system-cards;https://www-cdn.anthropic.com/07b2a3f9902ee19fe39a36ca638e5ae987bc64dd.pdf
theme3_9afbf59166e9,copyright_ip,llms,predictive,2023-02-15,2025-07-27,11,no,unresolved,medium,2026-03-02,Theme remains open-ended or lacks a closed measurement endpoint by the as-of date.,https://openai.com/index/introducing-gpt-5/;https://openai.com/blog/gpt-5-system-card/;https://deepmind.google/models/model-cards/;https://storage.googleapis.com/deepmind-media/Model-Cards/Gemini-3-Pro-Model-Card.pdf;https://www.anthropic.com/system-cards;https://www-cdn.anthropic.com/07b2a3f9902ee19fe39a36ca638e5ae987bc64dd.pdf
theme3_0645fb99675a,copyright_ip,general_ai,descriptive,2022-05-29,2025-07-15,10,no,unresolved,medium,2026-03-02,Theme remains open-ended or lacks a closed measurement endpoint by the as-of date.,https://openai.com/index/introducing-gpt-5/;https://openai.com/blog/gpt-5-system-card/;https://deepmind.google/models/model-cards/;https://storage.googleapis.com/deepmind-media/Model-Cards/Gemini-3-Pro-Model-Card.pdf;https://www.anthropic.com/system-cards;https://www-cdn.anthropic.com/07b2a3f9902ee19fe39a36ca638e5ae987bc64dd.pdf
theme3_1229d1997f18,market_hype_bubble,llms,predictive,2023-09-27,2025-08-20,9,yes,unresolved,medium,2026-03-02,Theme remains open-ended or lacks a closed measurement endpoint by the as-of date.,https://openai.com/index/introducing-gpt-5/
theme3_03bbb277b41d,copyright_ip,general_ai,predictive,2023-02-14,2026-02-10,8,yes,unresolved,medium,2026-03-02,Theme remains open-ended or lacks a closed measurement endpoint by the as-of date.,https://openai.com/index/introducing-gpt-5/;https://openai.com/blog/gpt-5-system-card/;https://deepmind.google/models/model-cards/;https://storage.googleapis.com/deepmind-media/Model-Cards/Gemini-3-Pro-Model-Card.pdf;https://www.anthropic.com/system-cards;https://www-cdn.anthropic.com/07b2a3f9902ee19fe39a36ca638e5ae987bc64dd.pdf
theme3_5f90b0708be7,copyright_ip,llms,descriptive,2023-02-11,2026-01-12,8,no,unresolved,medium,2026-03-02,Theme remains open-ended or lacks a closed measurement endpoint by the as-of date.,https://openai.com/index/introducing-gpt-5/;https://openai.com/blog/gpt-5-system-card/;https://deepmind.google/models/model-cards/;https://storage.googleapis.com/deepmind-media/Model-Cards/Gemini-3-Pro-Model-Card.pdf;https://www.anthropic.com/system-cards;https://www-cdn.anthropic.com/07b2a3f9902ee19fe39a36ca638e5ae987bc64dd.pdf
theme3_cb87e9ec1415,agi_timeline,agi,causal,2023-02-16,2025-12-23,8,no,unresolved,medium,2026-03-02,Downgraded from mixed for high-precision pass: claim remains too broad/ambiguous for decisive adjudication.,https://openai.com/index/introducing-gpt-5/;https://deepmind.google/models/model-cards/gemini-3-1-pro/;https://www.anthropic.com/system-cards
theme3_64bd8b6d3a0f,agents_reliability,general_ai,predictive,2023-10-27,2025-08-03,7,yes,unresolved,medium,2026-03-02,Theme remains open-ended or lacks a closed measurement endpoint by the as-of date.,https://openai.com/index/introducing-gpt-5/;https://openai.com/blog/gpt-5-system-card/;https://deepmind.google/models/model-cards/;https://storage.googleapis.com/deepmind-media/Model-Cards/Gemini-3-Pro-Model-Card.pdf;https://www.anthropic.com/system-cards;https://www-cdn.anthropic.com/07b2a3f9902ee19fe39a36ca638e5ae987bc64dd.pdf
theme3_da5470fb91d7,market_hype_bubble,general_ai,predictive,2023-10-27,2026-01-06,7,no,unresolved,medium,2026-03-02,Theme remains open-ended or lacks a closed measurement endpoint by the as-of date.,https://openai.com/index/introducing-gpt-5/
theme3_e8ec12058b83,agi_timeline,general_ai,predictive,2024-03-10,2025-11-21,7,yes,unresolved,high,2026-03-02,Timeline horizon extends beyond evaluation date.,https://openai.com/index/introducing-gpt-5/
theme3_fde6def617bf,scaling_limits,agi,predictive,2023-02-11,2025-12-01,7,no,unresolved,medium,2026-03-02,Theme remains open-ended or lacks a closed measurement endpoint by the as-of date.,https://openai.com/index/introducing-gpt-5/;https://openai.com/blog/gpt-5-system-card/;https://deepmind.google/models/model-cards/;https://storage.googleapis.com/deepmind-media/Model-Cards/Gemini-3-Pro-Model-Card.pdf;https://www.anthropic.com/system-cards;https://www-cdn.anthropic.com/07b2a3f9902ee19fe39a36ca638e5ae987bc64dd.pdf
theme3_1421096bca2e,scaling_limits,general_ai,descriptive,2023-02-11,2025-12-09,6,no,unresolved,medium,2026-03-02,Theme remains open-ended or lacks a closed measurement endpoint by the as-of date.,https://openai.com/index/introducing-gpt-5/;https://openai.com/blog/gpt-5-system-card/;https://deepmind.google/models/model-cards/;https://storage.googleapis.com/deepmind-media/Model-Cards/Gemini-3-Pro-Model-Card.pdf;https://www.anthropic.com/system-cards;https://www-cdn.anthropic.com/07b2a3f9902ee19fe39a36ca638e5ae987bc64dd.pdf
theme3_5bb7238346d7,reasoning_common_sense,agi,predictive,2023-02-16,2025-08-09,6,no,unresolved,medium,2026-03-02,Theme remains open-ended or lacks a closed measurement endpoint by the as-of date.,https://openai.com/index/introducing-gpt-5/;https://openai.com/blog/gpt-5-system-card/;https://deepmind.google/models/model-cards/;https://storage.googleapis.com/deepmind-media/Model-Cards/Gemini-3-Pro-Model-Card.pdf;https://www.anthropic.com/system-cards;https://www-cdn.anthropic.com/07b2a3f9902ee19fe39a36ca638e5ae987bc64dd.pdf
theme3_2cc418f5064a,scaling_limits,general_ai,predictive,2023-08-24,2025-12-20,5,no,unresolved,medium,2026-03-02,Theme remains open-ended or lacks a closed measurement endpoint by the as-of date.,https://openai.com/index/introducing-gpt-5/;https://openai.com/blog/gpt-5-system-card/;https://deepmind.google/models/model-cards/;https://storage.googleapis.com/deepmind-media/Model-Cards/Gemini-3-Pro-Model-Card.pdf;https://www.anthropic.com/system-cards;https://www-cdn.anthropic.com/07b2a3f9902ee19fe39a36ca638e5ae987bc64dd.pdf
theme3_315a8368ec1c,scaling_limits,llms,predictive,2023-02-13,2025-07-27,5,no,unresolved,medium,2026-03-02,Theme remains open-ended or lacks a closed measurement endpoint by the as-of date.,https://openai.com/index/introducing-gpt-5/;https://openai.com/blog/gpt-5-system-card/;https://deepmind.google/models/model-cards/;https://storage.googleapis.com/deepmind-media/Model-Cards/Gemini-3-Pro-Model-Card.pdf;https://www.anthropic.com/system-cards;https://www-cdn.anthropic.com/07b2a3f9902ee19fe39a36ca638e5ae987bc64dd.pdf
theme3_33ffa6bb38e1,reasoning_common_sense,llms,descriptive,2023-02-16,2025-07-13,5,no,unresolved,medium,2026-03-02,Theme remains open-ended or lacks a closed measurement endpoint by the as-of date.,https://openai.com/index/introducing-gpt-5/;https://openai.com/blog/gpt-5-system-card/;https://deepmind.google/models/model-cards/;https://storage.googleapis.com/deepmind-media/Model-Cards/Gemini-3-Pro-Model-Card.pdf;https://www.anthropic.com/system-cards;https://www-cdn.anthropic.com/07b2a3f9902ee19fe39a36ca638e5ae987bc64dd.pdf
theme3_91c95a37e045,scaling_limits,agi,descriptive,2023-02-11,2025-06-17,4,no,unresolved,medium,2026-03-02,Theme remains open-ended or lacks a closed measurement endpoint by the as-of date.,https://openai.com/index/introducing-gpt-5/;https://openai.com/blog/gpt-5-system-card/;https://deepmind.google/models/model-cards/;https://storage.googleapis.com/deepmind-media/Model-Cards/Gemini-3-Pro-Model-Card.pdf;https://www.anthropic.com/system-cards;https://www-cdn.anthropic.com/07b2a3f9902ee19fe39a36ca638e5ae987bc64dd.pdf
theme3_c5056806d534,agi_timeline,tesla,predictive,2023-02-13,2025-01-20,4,yes,unresolved,high,2026-03-02,Timeline horizon extends beyond evaluation date.,https://openai.com/index/introducing-gpt-5/
theme3_0d3613992fa7,reasoning_common_sense,llms,causal,2023-03-25,2025-03-28,3,no,unresolved,medium,2026-03-02,Theme remains open-ended or lacks a closed measurement endpoint by the as-of date.,https://openai.com/index/introducing-gpt-5/;https://openai.com/blog/gpt-5-system-card/;https://deepmind.google/models/model-cards/;https://storage.googleapis.com/deepmind-media/Model-Cards/Gemini-3-Pro-Model-Card.pdf;https://www.anthropic.com/system-cards;https://www-cdn.anthropic.com/07b2a3f9902ee19fe39a36ca638e5ae987bc64dd.pdf
theme3_1844084fccbe,market_hype_bubble,llms,descriptive,2025-01-14,2025-08-20,3,no,unresolved,medium,2026-03-02,Theme remains open-ended or lacks a closed measurement endpoint by the as-of date.,https://openai.com/index/introducing-gpt-5/
theme3_28501faa0718,reasoning_common_sense,openai,predictive,2023-02-11,2025-01-26,3,no,unresolved,medium,2026-03-02,Theme remains open-ended or lacks a closed measurement endpoint by the as-of date.,https://openai.com/index/introducing-gpt-5/;https://openai.com/blog/gpt-5-system-card/;https://deepmind.google/models/model-cards/;https://storage.googleapis.com/deepmind-media/Model-Cards/Gemini-3-Pro-Model-Card.pdf;https://www.anthropic.com/system-cards;https://www-cdn.anthropic.com/07b2a3f9902ee19fe39a36ca638e5ae987bc64dd.pdf
theme3_2f0d82369632,market_hype_bubble,general_ai,descriptive,2023-02-13,2025-12-17,3,no,unresolved,medium,2026-03-02,Theme remains open-ended or lacks a closed measurement endpoint by the as-of date.,https://openai.com/index/introducing-gpt-5/
theme3_7536106433d4,reasoning_common_sense,ai_safety,descriptive,2024-06-07,2025-02-26,3,no,unresolved,medium,2026-03-02,Theme remains open-ended or lacks a closed measurement endpoint by the as-of date.,https://openai.com/index/introducing-gpt-5/;https://openai.com/blog/gpt-5-system-card/;https://deepmind.google/models/model-cards/;https://storage.googleapis.com/deepmind-media/Model-Cards/Gemini-3-Pro-Model-Card.pdf;https://www.anthropic.com/system-cards;https://www-cdn.anthropic.com/07b2a3f9902ee19fe39a36ca638e5ae987bc64dd.pdf
theme3_0f1476ce91f4,reasoning_common_sense,openai,descriptive,2024-02-04,2025-07-13,2,no,unresolved,medium,2026-03-02,Theme remains open-ended or lacks a closed measurement endpoint by the as-of date.,https://openai.com/index/introducing-gpt-5/;https://openai.com/blog/gpt-5-system-card/;https://deepmind.google/models/model-cards/;https://storage.googleapis.com/deepmind-media/Model-Cards/Gemini-3-Pro-Model-Card.pdf;https://www.anthropic.com/system-cards;https://www-cdn.anthropic.com/07b2a3f9902ee19fe39a36ca638e5ae987bc64dd.pdf
theme3_7645c65073c8,agents_reliability,general_ai,causal,2025-05-22,2025-08-03,2,no,unresolved,medium,2026-03-02,Theme remains open-ended or lacks a closed measurement endpoint by the as-of date.,https://openai.com/index/introducing-gpt-5/;https://openai.com/blog/gpt-5-system-card/;https://deepmind.google/models/model-cards/;https://storage.googleapis.com/deepmind-media/Model-Cards/Gemini-3-Pro-Model-Card.pdf;https://www.anthropic.com/system-cards;https://www-cdn.anthropic.com/07b2a3f9902ee19fe39a36ca638e5ae987bc64dd.pdf
theme3_833be3ff31bb,agents_reliability,llms,predictive,2024-02-10,2025-08-03,2,no,unresolved,medium,2026-03-02,Theme remains open-ended or lacks a closed measurement endpoint by the as-of date.,https://openai.com/index/introducing-gpt-5/;https://openai.com/blog/gpt-5-system-card/;https://deepmind.google/models/model-cards/;https://storage.googleapis.com/deepmind-media/Model-Cards/Gemini-3-Pro-Model-Card.pdf;https://www.anthropic.com/system-cards;https://www-cdn.anthropic.com/07b2a3f9902ee19fe39a36ca638e5ae987bc64dd.pdf
theme3_a4a7b7572183,agents_reliability,general_ai,descriptive,2025-04-16,2025-05-22,2,no,unresolved,medium,2026-03-02,Theme remains open-ended or lacks a closed measurement endpoint by the as-of date.,https://openai.com/index/introducing-gpt-5/;https://openai.com/blog/gpt-5-system-card/;https://deepmind.google/models/model-cards/;https://storage.googleapis.com/deepmind-media/Model-Cards/Gemini-3-Pro-Model-Card.pdf;https://www.anthropic.com/system-cards;https://www-cdn.anthropic.com/07b2a3f9902ee19fe39a36ca638e5ae987bc64dd.pdf
theme3_a4bd807a6b2f,scaling_limits,llms,descriptive,2025-02-13,2026-01-06,2,no,unresolved,medium,2026-03-02,Theme remains open-ended or lacks a closed measurement endpoint by the as-of date.,https://openai.com/index/introducing-gpt-5/;https://openai.com/blog/gpt-5-system-card/;https://deepmind.google/models/model-cards/;https://storage.googleapis.com/deepmind-media/Model-Cards/Gemini-3-Pro-Model-Card.pdf;https://www.anthropic.com/system-cards;https://www-cdn.anthropic.com/07b2a3f9902ee19fe39a36ca638e5ae987bc64dd.pdf
theme3_afea30eb45be,market_hype_bubble,general_ai,causal,2023-02-13,2024-07-28,2,no,unresolved,medium,2026-03-02,Theme remains open-ended or lacks a closed measurement endpoint by the as-of date.,https://openai.com/index/introducing-gpt-5/
theme3_b06f891704cc,openai_governance,openai,causal,2023-02-11,2023-04-28,2,no,unresolved,medium,2026-03-02,Downgraded from mixed for high-precision pass: claim remains too broad/ambiguous for decisive adjudication.,https://openai.com/index/introducing-gpt-5/;https://deepmind.google/models/model-cards/gemini-3-1-pro/;https://www.anthropic.com/system-cards
theme3_b0a943ac0bbb,scaling_limits,agi,causal,2024-12-08,2025-03-14,2,no,unresolved,medium,2026-03-02,Theme remains open-ended or lacks a closed measurement endpoint by the as-of date.,https://openai.com/index/introducing-gpt-5/;https://openai.com/blog/gpt-5-system-card/;https://deepmind.google/models/model-cards/;https://storage.googleapis.com/deepmind-media/Model-Cards/Gemini-3-Pro-Model-Card.pdf;https://www.anthropic.com/system-cards;https://www-cdn.anthropic.com/07b2a3f9902ee19fe39a36ca638e5ae987bc64dd.pdf
theme3_df801cea5953,agi_timeline,openai,predictive,2024-06-05,2025-08-07,2,no,unresolved,high,2026-03-02,Timeline horizon extends beyond evaluation date.,https://openai.com/index/introducing-gpt-5/
theme3_e0bf578dbd19,openai_governance,general_ai,causal,2023-11-26,2025-11-18,2,no,unresolved,medium,2026-03-02,Downgraded from mixed for high-precision pass: claim remains too broad/ambiguous for decisive adjudication.,https://openai.com/index/introducing-gpt-5/;https://deepmind.google/models/model-cards/gemini-3-1-pro/;https://www.anthropic.com/system-cards
theme3_08ea1f8f4bfc,reasoning_common_sense,google,descriptive,2022-05-29,2022-05-29,1,no,unresolved,medium,2026-03-02,Theme remains open-ended or lacks a closed measurement endpoint by the as-of date.,https://openai.com/index/introducing-gpt-5/;https://openai.com/blog/gpt-5-system-card/;https://deepmind.google/models/model-cards/;https://storage.googleapis.com/deepmind-media/Model-Cards/Gemini-3-Pro-Model-Card.pdf;https://www.anthropic.com/system-cards;https://www-cdn.anthropic.com/07b2a3f9902ee19fe39a36ca638e5ae987bc64dd.pdf
theme3_0b7a44e78690,self_driving_robotics,tesla,descriptive,2024-06-01,2024-06-01,1,no,unresolved,medium,2026-03-02,Theme remains open-ended or lacks a closed measurement endpoint by the as-of date.,https://openai.com/index/introducing-gpt-5/
theme3_16706773bfe0,copyright_ip,microsoft,descriptive,2023-02-26,2023-02-26,1,no,unresolved,medium,2026-03-02,Theme remains open-ended or lacks a closed measurement endpoint by the as-of date.,https://openai.com/index/introducing-gpt-5/;https://openai.com/blog/gpt-5-system-card/;https://deepmind.google/models/model-cards/;https://storage.googleapis.com/deepmind-media/Model-Cards/Gemini-3-Pro-Model-Card.pdf;https://www.anthropic.com/system-cards;https://www-cdn.anthropic.com/07b2a3f9902ee19fe39a36ca638e5ae987bc64dd.pdf
theme3_16db13f00387,reasoning_common_sense,google,causal,2025-01-01,2025-01-01,1,no,unresolved,medium,2026-03-02,Theme remains open-ended or lacks a closed measurement endpoint by the as-of date.,https://openai.com/index/introducing-gpt-5/;https://openai.com/blog/gpt-5-system-card/;https://deepmind.google/models/model-cards/;https://storage.googleapis.com/deepmind-media/Model-Cards/Gemini-3-Pro-Model-Card.pdf;https://www.anthropic.com/system-cards;https://www-cdn.anthropic.com/07b2a3f9902ee19fe39a36ca638e5ae987bc64dd.pdf
theme3_1741dd2488ee,scaling_limits,anthropic,descriptive,2025-11-18,2025-11-18,1,no,unresolved,medium,2026-03-02,Theme remains open-ended or lacks a closed measurement endpoint by the as-of date.,https://openai.com/index/introducing-gpt-5/;https://openai.com/blog/gpt-5-system-card/;https://deepmind.google/models/model-cards/;https://storage.googleapis.com/deepmind-media/Model-Cards/Gemini-3-Pro-Model-Card.pdf;https://www.anthropic.com/system-cards;https://www-cdn.anthropic.com/07b2a3f9902ee19fe39a36ca638e5ae987bc64dd.pdf
theme3_17682cba7368,market_hype_bubble,microsoft,predictive,2025-03-27,2025-03-27,1,no,unresolved,medium,2026-03-02,Theme remains open-ended or lacks a closed measurement endpoint by the as-of date.,https://openai.com/index/introducing-gpt-5/
theme3_1d051096961b,scaling_limits,openai,predictive,2024-11-09,2024-11-09,1,no,unresolved,medium,2026-03-02,Theme remains open-ended or lacks a closed measurement endpoint by the as-of date.,https://openai.com/index/introducing-gpt-5/;https://openai.com/blog/gpt-5-system-card/;https://deepmind.google/models/model-cards/;https://storage.googleapis.com/deepmind-media/Model-Cards/Gemini-3-Pro-Model-Card.pdf;https://www.anthropic.com/system-cards;https://www-cdn.anthropic.com/07b2a3f9902ee19fe39a36ca638e5ae987bc64dd.pdf
theme3_3d0db8f9faae,openai_governance,general_ai,descriptive,2024-03-06,2024-03-06,1,no,unresolved,medium,2026-03-02,Downgraded from mixed for high-precision pass: claim remains too broad/ambiguous for decisive adjudication.,https://openai.com/index/introducing-gpt-5/;https://deepmind.google/models/model-cards/gemini-3-1-pro/;https://www.anthropic.com/system-cards
theme3_4c05ee8245b3,self_driving_robotics,google,descriptive,2023-02-17,2023-02-17,1,no,unresolved,medium,2026-03-02,Theme remains open-ended or lacks a closed measurement endpoint by the as-of date.,https://openai.com/index/introducing-gpt-5/
theme3_4fd1eed54bd2,self_driving_robotics,general_ai,predictive,2023-10-27,2023-10-27,1,no,unresolved,medium,2026-03-02,Theme remains open-ended or lacks a closed measurement endpoint by the as-of date.,https://openai.com/index/introducing-gpt-5/
theme3_54e37b5b2981,self_driving_robotics,llms,descriptive,2025-07-13,2025-07-13,1,no,unresolved,medium,2026-03-02,Theme remains open-ended or lacks a closed measurement endpoint by the as-of date.,https://openai.com/index/introducing-gpt-5/
theme3_641e64cb86a3,reasoning_common_sense,anthropic,causal,2026-02-04,2026-02-04,1,no,unresolved,medium,2026-03-02,Theme remains open-ended or lacks a closed measurement endpoint by the as-of date.,https://openai.com/index/introducing-gpt-5/;https://openai.com/blog/gpt-5-system-card/;https://deepmind.google/models/model-cards/;https://storage.googleapis.com/deepmind-media/Model-Cards/Gemini-3-Pro-Model-Card.pdf;https://www.anthropic.com/system-cards;https://www-cdn.anthropic.com/07b2a3f9902ee19fe39a36ca638e5ae987bc64dd.pdf
theme3_6608404f688e,scaling_limits,ai_safety,predictive,2025-05-22,2025-05-22,1,no,unresolved,medium,2026-03-02,Theme remains open-ended or lacks a closed measurement endpoint by the as-of date.,https://openai.com/index/introducing-gpt-5/;https://openai.com/blog/gpt-5-system-card/;https://deepmind.google/models/model-cards/;https://storage.googleapis.com/deepmind-media/Model-Cards/Gemini-3-Pro-Model-Card.pdf;https://www.anthropic.com/system-cards;https://www-cdn.anthropic.com/07b2a3f9902ee19fe39a36ca638e5ae987bc64dd.pdf
theme3_66474188f998,market_hype_bubble,google,predictive,2025-12-01,2025-12-01,1,no,unresolved,medium,2026-03-02,Theme remains open-ended or lacks a closed measurement endpoint by the as-of date.,https://openai.com/index/introducing-gpt-5/
theme3_6fb1ef5deff5,scaling_limits,ai_safety,descriptive,2024-08-10,2024-08-10,1,no,unresolved,medium,2026-03-02,Theme remains open-ended or lacks a closed measurement endpoint by the as-of date.,https://openai.com/index/introducing-gpt-5/;https://openai.com/blog/gpt-5-system-card/;https://deepmind.google/models/model-cards/;https://storage.googleapis.com/deepmind-media/Model-Cards/Gemini-3-Pro-Model-Card.pdf;https://www.anthropic.com/system-cards;https://www-cdn.anthropic.com/07b2a3f9902ee19fe39a36ca638e5ae987bc64dd.pdf
theme3_74fdd247ed10,agi_timeline,anthropic,descriptive,2025-03-05,2025-03-05,1,no,unresolved,medium,2026-03-02,Downgraded from mixed for high-precision pass: claim remains too broad/ambiguous for decisive adjudication.,https://openai.com/index/introducing-gpt-5/;https://deepmind.google/models/model-cards/gemini-3-1-pro/;https://www.anthropic.com/system-cards
theme3_855ae3bb7be1,openai_governance,llms,descriptive,2023-08-14,2023-08-14,1,no,unresolved,medium,2026-03-02,Downgraded from mixed for high-precision pass: claim remains too broad/ambiguous for decisive adjudication.,https://openai.com/index/introducing-gpt-5/;https://deepmind.google/models/model-cards/gemini-3-1-pro/;https://www.anthropic.com/system-cards
theme3_8ac582808fb4,copyright_ip,general_ai,causal,2024-10-05,2024-10-05,1,no,unresolved,medium,2026-03-02,Theme remains open-ended or lacks a closed measurement endpoint by the as-of date.,https://openai.com/index/introducing-gpt-5/;https://openai.com/blog/gpt-5-system-card/;https://deepmind.google/models/model-cards/;https://storage.googleapis.com/deepmind-media/Model-Cards/Gemini-3-Pro-Model-Card.pdf;https://www.anthropic.com/system-cards;https://www-cdn.anthropic.com/07b2a3f9902ee19fe39a36ca638e5ae987bc64dd.pdf
theme3_8e1a0d0af076,agi_timeline,openai,causal,2023-02-16,2023-02-16,1,no,unresolved,medium,2026-03-02,Downgraded from mixed for high-precision pass: claim remains too broad/ambiguous for decisive adjudication.,https://openai.com/index/introducing-gpt-5/;https://deepmind.google/models/model-cards/gemini-3-1-pro/;https://www.anthropic.com/system-cards
theme3_8fe0ad899072,scaling_limits,llms,causal,2025-10-22,2025-10-22,1,no,unresolved,medium,2026-03-02,Theme remains open-ended or lacks a closed measurement endpoint by the as-of date.,https://openai.com/index/introducing-gpt-5/;https://openai.com/blog/gpt-5-system-card/;https://deepmind.google/models/model-cards/;https://storage.googleapis.com/deepmind-media/Model-Cards/Gemini-3-Pro-Model-Card.pdf;https://www.anthropic.com/system-cards;https://www-cdn.anthropic.com/07b2a3f9902ee19fe39a36ca638e5ae987bc64dd.pdf
theme3_90cdb2bb15e4,agents_reliability,llms,descriptive,2024-02-10,2024-02-10,1,no,unresolved,medium,2026-03-02,Theme remains open-ended or lacks a closed measurement endpoint by the as-of date.,https://openai.com/index/introducing-gpt-5/;https://openai.com/blog/gpt-5-system-card/;https://deepmind.google/models/model-cards/;https://storage.googleapis.com/deepmind-media/Model-Cards/Gemini-3-Pro-Model-Card.pdf;https://www.anthropic.com/system-cards;https://www-cdn.anthropic.com/07b2a3f9902ee19fe39a36ca638e5ae987bc64dd.pdf
theme3_a258d61593cc,self_driving_robotics,tesla,causal,2023-02-13,2023-02-13,1,no,unresolved,medium,2026-03-02,Theme remains open-ended or lacks a closed measurement endpoint by the as-of date.,https://openai.com/index/introducing-gpt-5/
theme3_a54614512de5,scaling_limits,regulation,descriptive,2024-11-10,2024-11-10,1,no,unresolved,medium,2026-03-02,Theme remains open-ended or lacks a closed measurement endpoint by the as-of date.,https://openai.com/index/introducing-gpt-5/;https://openai.com/blog/gpt-5-system-card/;https://deepmind.google/models/model-cards/;https://storage.googleapis.com/deepmind-media/Model-Cards/Gemini-3-Pro-Model-Card.pdf;https://www.anthropic.com/system-cards;https://www-cdn.anthropic.com/07b2a3f9902ee19fe39a36ca638e5ae987bc64dd.pdf
theme3_a6b68bc85bcf,reasoning_common_sense,agi,descriptive,2025-07-13,2025-07-13,1,no,unresolved,medium,2026-03-02,Theme remains open-ended or lacks a closed measurement endpoint by the as-of date.,https://openai.com/index/introducing-gpt-5/;https://openai.com/blog/gpt-5-system-card/;https://deepmind.google/models/model-cards/;https://storage.googleapis.com/deepmind-media/Model-Cards/Gemini-3-Pro-Model-Card.pdf;https://www.anthropic.com/system-cards;https://www-cdn.anthropic.com/07b2a3f9902ee19fe39a36ca638e5ae987bc64dd.pdf
theme3_ab190e6108e8,reasoning_common_sense,general_ai,causal,2026-01-06,2026-01-06,1,no,unresolved,medium,2026-03-02,Theme remains open-ended or lacks a closed measurement endpoint by the as-of date.,https://openai.com/index/introducing-gpt-5/;https://openai.com/blog/gpt-5-system-card/;https://deepmind.google/models/model-cards/;https://storage.googleapis.com/deepmind-media/Model-Cards/Gemini-3-Pro-Model-Card.pdf;https://www.anthropic.com/system-cards;https://www-cdn.anthropic.com/07b2a3f9902ee19fe39a36ca638e5ae987bc64dd.pdf
theme3_ad215ff54ca7,scaling_limits,general_ai,causal,2023-04-09,2023-04-09,1,no,unresolved,medium,2026-03-02,Theme remains open-ended or lacks a closed measurement endpoint by the as-of date.,https://openai.com/index/introducing-gpt-5/;https://openai.com/blog/gpt-5-system-card/;https://deepmind.google/models/model-cards/;https://storage.googleapis.com/deepmind-media/Model-Cards/Gemini-3-Pro-Model-Card.pdf;https://www.anthropic.com/system-cards;https://www-cdn.anthropic.com/07b2a3f9902ee19fe39a36ca638e5ae987bc64dd.pdf
theme3_b889360f49df,agi_timeline,anthropic,predictive,2023-08-13,2023-08-13,1,no,unresolved,medium,2026-03-02,Downgraded from mixed for high-precision pass: claim remains too broad/ambiguous for decisive adjudication.,https://openai.com/index/introducing-gpt-5/;https://deepmind.google/models/model-cards/gemini-3-1-pro/;https://www.anthropic.com/system-cards
theme3_b9f19c78c06d,copyright_ip,llms,causal,2026-02-10,2026-02-10,1,no,unresolved,medium,2026-03-02,Theme remains open-ended or lacks a closed measurement endpoint by the as-of date.,https://openai.com/index/introducing-gpt-5/;https://openai.com/blog/gpt-5-system-card/;https://deepmind.google/models/model-cards/;https://storage.googleapis.com/deepmind-media/Model-Cards/Gemini-3-Pro-Model-Card.pdf;https://www.anthropic.com/system-cards;https://www-cdn.anthropic.com/07b2a3f9902ee19fe39a36ca638e5ae987bc64dd.pdf
theme3_bcade1f0ce6f,openai_governance,general_ai,predictive,2025-02-11,2025-02-11,1,no,unresolved,medium,2026-03-02,Downgraded from mixed for high-precision pass: claim remains too broad/ambiguous for decisive adjudication.,https://openai.com/index/introducing-gpt-5/;https://deepmind.google/models/model-cards/gemini-3-1-pro/;https://www.anthropic.com/system-cards
theme3_be469008f20d,copyright_ip,meta,descriptive,2026-01-06,2026-01-06,1,no,unresolved,medium,2026-03-02,Theme remains open-ended or lacks a closed measurement endpoint by the as-of date.,https://openai.com/index/introducing-gpt-5/;https://openai.com/blog/gpt-5-system-card/;https://deepmind.google/models/model-cards/;https://storage.googleapis.com/deepmind-media/Model-Cards/Gemini-3-Pro-Model-Card.pdf;https://www.anthropic.com/system-cards;https://www-cdn.anthropic.com/07b2a3f9902ee19fe39a36ca638e5ae987bc64dd.pdf
theme3_c36d63426d0a,market_hype_bubble,google,descriptive,2025-12-01,2025-12-01,1,no,unresolved,medium,2026-03-02,Theme remains open-ended or lacks a closed measurement endpoint by the as-of date.,https://openai.com/index/introducing-gpt-5/
theme3_c41ab86ca4e1,reasoning_common_sense,regulation,causal,2023-08-28,2023-08-28,1,no,unresolved,medium,2026-03-02,Theme remains open-ended or lacks a closed measurement endpoint by the as-of date.,https://openai.com/index/introducing-gpt-5/;https://openai.com/blog/gpt-5-system-card/;https://deepmind.google/models/model-cards/;https://storage.googleapis.com/deepmind-media/Model-Cards/Gemini-3-Pro-Model-Card.pdf;https://www.anthropic.com/system-cards;https://www-cdn.anthropic.com/07b2a3f9902ee19fe39a36ca638e5ae987bc64dd.pdf
theme3_dc8619624667,scaling_limits,openai,descriptive,2025-08-03,2025-08-03,1,no,unresolved,medium,2026-03-02,Theme remains open-ended or lacks a closed measurement endpoint by the as-of date.,https://openai.com/index/introducing-gpt-5/;https://openai.com/blog/gpt-5-system-card/;https://deepmind.google/models/model-cards/;https://storage.googleapis.com/deepmind-media/Model-Cards/Gemini-3-Pro-Model-Card.pdf;https://www.anthropic.com/system-cards;https://www-cdn.anthropic.com/07b2a3f9902ee19fe39a36ca638e5ae987bc64dd.pdf
theme3_e08a363477d6,scaling_limits,ai_safety,causal,2025-01-16,2025-01-16,1,no,unresolved,medium,2026-03-02,Theme remains open-ended or lacks a closed measurement endpoint by the as-of date.,https://openai.com/index/introducing-gpt-5/;https://openai.com/blog/gpt-5-system-card/;https://deepmind.google/models/model-cards/;https://storage.googleapis.com/deepmind-media/Model-Cards/Gemini-3-Pro-Model-Card.pdf;https://www.anthropic.com/system-cards;https://www-cdn.anthropic.com/07b2a3f9902ee19fe39a36ca638e5ae987bc64dd.pdf
theme3_e38d5e6599b8,self_driving_robotics,general_ai,descriptive,2025-07-15,2025-07-15,1,no,unresolved,medium,2026-03-02,Theme remains open-ended or lacks a closed measurement endpoint by the as-of date.,https://openai.com/index/introducing-gpt-5/
theme3_f122aba746fc,openai_governance,llms,causal,2025-11-18,2025-11-18,1,no,unresolved,medium,2026-03-02,Downgraded from mixed for high-precision pass: claim remains too broad/ambiguous for decisive adjudication.,https://openai.com/index/introducing-gpt-5/;https://deepmind.google/models/model-cards/gemini-3-1-pro/;https://www.anthropic.com/system-cards
theme3_fb1e8f4c72f2,agi_timeline,general_ai,descriptive,2025-05-22,2025-05-22,1,no,unresolved,high,2026-03-02,Timeline horizon extends beyond evaluation date.,https://openai.com/index/introducing-gpt-5/
theme3_fc9bd1ed6aeb,scaling_limits,google,predictive,2025-02-13,2025-02-13,1,no,unresolved,medium,2026-03-02,Theme remains open-ended or lacks a closed measurement endpoint by the as-of date.,https://openai.com/index/introducing-gpt-5/;https://openai.com/blog/gpt-5-system-card/;https://deepmind.google/models/model-cards/;https://storage.googleapis.com/deepmind-media/Model-Cards/Gemini-3-Pro-Model-Card.pdf;https://www.anthropic.com/system-cards;https://www-cdn.anthropic.com/07b2a3f9902ee19fe39a36ca638e5ae987bc64dd.pdf
theme3_fe6828136104,agi_timeline,microsoft,predictive,2024-02-12,2024-02-12,1,no,unresolved,medium,2026-03-02,Downgraded from mixed for high-precision pass: claim remains too broad/ambiguous for decisive adjudication.,https://openai.com/index/introducing-gpt-5/;https://deepmind.google/models/model-cards/gemini-3-1-pro/;https://www.anthropic.com/system-cards
theme3_4d4764672c3e,agi_timeline,agi,normative,2023-02-03,2025-11-21,19,yes,untestable,high,2026-03-02,Normative/prescriptive theme without a clear falsification condition.,https://openai.com/index/introducing-gpt-5/
theme3_1035472658e9,regulation_policy,regulation,normative,2022-05-29,2026-02-26,16,no,untestable,high,2026-03-02,Normative/prescriptive theme without a clear falsification condition.,https://openai.com/index/introducing-gpt-5/
theme3_0572199dc099,reasoning_common_sense,general_ai,normative,2023-02-11,2026-02-14,10,yes,untestable,high,2026-03-02,Normative/prescriptive theme without a clear falsification condition.,https://openai.com/index/introducing-gpt-5/
theme3_9b38ae8cd486,safety_alignment,ai_safety,normative,2023-10-26,2025-07-15,9,no,untestable,high,2026-03-02,Normative/prescriptive theme without a clear falsification condition.,https://openai.com/index/introducing-gpt-5/
theme3_331c20da7676,safety_alignment,regulation,normative,2023-02-26,2025-05-14,7,no,untestable,high,2026-03-02,Normative/prescriptive theme without a clear falsification condition.,https://openai.com/index/introducing-gpt-5/
theme3_8d9a23510bf7,openai_governance,general_ai,normative,2023-12-07,2025-11-18,7,no,untestable,high,2026-03-02,Normative/prescriptive theme without a clear falsification condition.,https://openai.com/index/introducing-gpt-5/
theme3_1171c23b8fe5,openai_governance,openai,normative,2023-02-21,2024-10-24,5,no,untestable,high,2026-03-02,Normative/prescriptive theme without a clear falsification condition.,https://openai.com/index/introducing-gpt-5/
theme3_172e5150cd97,scaling_limits,llms,normative,2023-02-11,2025-07-13,5,no,untestable,high,2026-03-02,Normative/prescriptive theme without a clear falsification condition.,https://openai.com/index/introducing-gpt-5/
theme3_4fc5744321e5,reasoning_common_sense,agi,normative,2022-05-29,2025-12-17,5,no,untestable,high,2026-03-02,Normative/prescriptive theme without a clear falsification condition.,https://openai.com/index/introducing-gpt-5/
theme3_8f587a704cfd,hallucination_misinformation,llms,normative,2024-03-15,2026-01-06,5,no,untestable,high,2026-03-02,Normative/prescriptive theme without a clear falsification condition.,https://openai.com/index/introducing-gpt-5/
theme3_fa38c07be4e7,safety_alignment,general_ai,normative,2023-11-25,2026-02-26,5,no,untestable,high,2026-03-02,Normative/prescriptive theme without a clear falsification condition.,https://openai.com/index/introducing-gpt-5/
theme3_0ec6975bae97,scaling_limits,general_ai,normative,2024-09-10,2026-02-10,4,no,untestable,high,2026-03-02,Normative/prescriptive theme without a clear falsification condition.,https://openai.com/index/introducing-gpt-5/
theme3_2ea498a89294,hallucination_misinformation,general_ai,normative,2023-02-15,2026-02-25,4,no,untestable,high,2026-03-02,Normative/prescriptive theme without a clear falsification condition.,https://openai.com/index/introducing-gpt-5/
theme3_c34d7523982e,hallucination_misinformation,ai_safety,normative,2023-02-15,2026-01-23,4,no,untestable,high,2026-03-02,Normative/prescriptive theme without a clear falsification condition.,https://openai.com/index/introducing-gpt-5/
theme3_fc164b36a679,safety_alignment,llms,normative,2023-03-29,2024-10-05,4,no,untestable,high,2026-03-02,Normative/prescriptive theme without a clear falsification condition.,https://openai.com/index/introducing-gpt-5/
theme3_374373bb7ddc,regulation_policy,general_ai,normative,2023-09-21,2025-07-13,3,no,untestable,high,2026-03-02,Normative/prescriptive theme without a clear falsification condition.,https://openai.com/index/introducing-gpt-5/
theme3_0f76f2088106,scaling_limits,agi,normative,2025-03-05,2025-08-09,2,no,untestable,high,2026-03-02,Normative/prescriptive theme without a clear falsification condition.,https://openai.com/index/introducing-gpt-5/
theme3_10988792d03a,regulation_policy,openai,normative,2023-10-17,2024-04-08,2,no,untestable,high,2026-03-02,Normative/prescriptive theme without a clear falsification condition.,https://openai.com/index/introducing-gpt-5/
theme3_4092af813ca4,regulation_policy,llms,normative,2025-04-03,2025-12-13,2,no,untestable,high,2026-03-02,Normative/prescriptive theme without a clear falsification condition.,https://openai.com/index/introducing-gpt-5/
theme3_847967e079b6,hallucination_misinformation,agi,normative,2023-05-01,2025-03-05,2,no,untestable,high,2026-03-02,Normative/prescriptive theme without a clear falsification condition.,https://openai.com/index/introducing-gpt-5/
theme3_8546265138f1,self_driving_robotics,general_ai,normative,2023-01-31,2023-02-11,2,no,untestable,high,2026-03-02,Normative/prescriptive theme without a clear falsification condition.,https://openai.com/index/introducing-gpt-5/
theme3_c49097e81ee1,self_driving_robotics,llms,normative,2023-10-26,2024-02-12,2,no,untestable,high,2026-03-02,Normative/prescriptive theme without a clear falsification condition.,https://openai.com/index/introducing-gpt-5/
theme3_d59b750b4574,reasoning_common_sense,openai,normative,2024-02-11,2025-07-13,2,no,untestable,high,2026-03-02,Normative/prescriptive theme without a clear falsification condition.,https://openai.com/index/introducing-gpt-5/
theme3_ef9572842556,reasoning_common_sense,llms,normative,2023-02-15,2025-04-17,2,no,untestable,high,2026-03-02,Normative/prescriptive theme without a clear falsification condition.,https://openai.com/index/introducing-gpt-5/
theme3_023d31465c4a,copyright_ip,microsoft,normative,2024-05-29,2024-05-29,1,no,untestable,high,2026-03-02,Normative/prescriptive theme without a clear falsification condition.,https://openai.com/index/introducing-gpt-5/
theme3_0b8a4f26a16f,hallucination_misinformation,google,normative,2024-04-06,2024-04-06,1,no,untestable,high,2026-03-02,Normative/prescriptive theme without a clear falsification condition.,https://openai.com/index/introducing-gpt-5/
theme3_1c72faf37cd5,agi_timeline,regulation,normative,2025-05-14,2025-05-14,1,no,untestable,high,2026-03-02,Normative/prescriptive theme without a clear falsification condition.,https://openai.com/index/introducing-gpt-5/
theme3_1ebd4ce067d9,market_hype_bubble,llms,normative,2023-02-18,2023-02-18,1,no,untestable,high,2026-03-02,Normative/prescriptive theme without a clear falsification condition.,https://openai.com/index/introducing-gpt-5/
theme3_3c58fbaf4439,safety_alignment,openai,normative,2024-02-04,2024-02-04,1,no,untestable,high,2026-03-02,Normative/prescriptive theme without a clear falsification condition.,https://openai.com/index/introducing-gpt-5/
theme3_4acd3c028f35,agi_timeline,meta,normative,2025-01-14,2025-01-14,1,no,untestable,high,2026-03-02,Normative/prescriptive theme without a clear falsification condition.,https://openai.com/index/introducing-gpt-5/
theme3_4c6df10ac954,agi_timeline,general_ai,normative,2022-05-29,2022-05-29,1,no,untestable,high,2026-03-02,Normative/prescriptive theme without a clear falsification condition.,https://openai.com/index/introducing-gpt-5/
theme3_65d13d74dd78,agi_timeline,openai,normative,2024-03-01,2024-03-01,1,no,untestable,high,2026-03-02,Normative/prescriptive theme without a clear falsification condition.,https://openai.com/index/introducing-gpt-5/
theme3_6f07286a29dd,reasoning_common_sense,ai_safety,normative,2024-08-20,2024-08-20,1,no,untestable,high,2026-03-02,Normative/prescriptive theme without a clear falsification condition.,https://openai.com/index/introducing-gpt-5/
theme3_79c4816299f2,scaling_limits,regulation,normative,2024-11-24,2024-11-24,1,no,untestable,high,2026-03-02,Normative/prescriptive theme without a clear falsification condition.,https://openai.com/index/introducing-gpt-5/
theme3_7fce72a0f3dd,self_driving_robotics,tesla,normative,2023-02-11,2023-02-11,1,no,untestable,high,2026-03-02,Normative/prescriptive theme without a clear falsification condition.,https://openai.com/index/introducing-gpt-5/
theme3_919f4cd32961,hallucination_misinformation,microsoft,normative,2024-04-17,2024-04-17,1,no,untestable,high,2026-03-02,Normative/prescriptive theme without a clear falsification condition.,https://openai.com/index/introducing-gpt-5/
theme3_91ef632a8c27,reasoning_common_sense,tesla,normative,2023-08-20,2023-08-20,1,no,untestable,high,2026-03-02,Normative/prescriptive theme without a clear falsification condition.,https://openai.com/index/introducing-gpt-5/
theme3_9d3a3aa0a56f,self_driving_robotics,google,normative,2023-02-17,2023-02-17,1,no,untestable,high,2026-03-02,Normative/prescriptive theme without a clear falsification condition.,https://openai.com/index/introducing-gpt-5/
theme3_9f755cccecc5,regulation_policy,tesla,normative,2024-04-09,2024-04-09,1,no,untestable,high,2026-03-02,Normative/prescriptive theme without a clear falsification condition.,https://openai.com/index/introducing-gpt-5/
theme3_a49d43352868,hallucination_misinformation,openai,normative,2023-03-18,2023-03-18,1,no,untestable,high,2026-03-02,Normative/prescriptive theme without a clear falsification condition.,https://openai.com/index/introducing-gpt-5/
theme3_c1d277607edd,reasoning_common_sense,google,normative,2025-01-05,2025-01-05,1,no,untestable,high,2026-03-02,Normative/prescriptive theme without a clear falsification condition.,https://openai.com/index/introducing-gpt-5/
theme3_d623e8944184,market_hype_bubble,general_ai,normative,2025-03-09,2025-03-09,1,no,untestable,high,2026-03-02,Normative/prescriptive theme without a clear falsification condition.,https://openai.com/index/introducing-gpt-5/
theme3_d8c7f3475f9e,scaling_limits,ai_safety,normative,2024-02-11,2024-02-11,1,no,untestable,high,2026-03-02,Normative/prescriptive theme without a clear falsification condition.,https://openai.com/index/introducing-gpt-5/
theme3_e35c4f9a12f0,copyright_ip,general_ai,normative,2023-02-18,2023-02-18,1,no,untestable,high,2026-03-02,Normative/prescriptive theme without a clear falsification condition.,https://openai.com/index/introducing-gpt-5/
theme3_f018463815f0,reasoning_common_sense,microsoft,normative,2023-09-22,2023-09-22,1,no,untestable,high,2026-03-02,Normative/prescriptive theme without a clear falsification condition.,https://openai.com/index/introducing-gpt-5/
