theme3_id,cluster2_id,target_mode,claim_type_mode,first_date,last_date,occurrences,status_at_eval,confidence,as_of_date,theme_reason,theme_sources,representative_quote
theme3_03bbb277b41d,cluster2_0e574251b500,general_ai,predictive,2023-02-14,2023-02-14,1,unresolved,low,2026-03-02,Theme appears weakly aligned to copyright/IP and representative claims are broad methodological questions without clear measurable endpoints.,https://openai.com/index/introducing-gpt-5/,"What aspects of Cicero’s execution architecture, training architecture, or general methodological approach will be useful if we want to build an AI that is useful for some complex interaction with people outside the closed and limited world of Diplomacy?"
theme3_03bbb277b41d,cluster2_f11e503ec1e8,general_ai,predictive,2024-02-24,2024-02-24,1,unresolved,low,2026-03-02,Theme appears weakly aligned to copyright/IP and representative claims are broad methodological questions without clear measurable endpoints.,https://openai.com/index/introducing-gpt-5/,License to the author via cartoonstock.com I do think AI will eventually work reliably.
theme3_03bbb277b41d,cluster2_2f4ad17f0289,general_ai,predictive,2024-11-23,2024-11-23,1,unresolved,low,2026-03-02,Theme appears weakly aligned to copyright/IP and representative claims are broad methodological questions without clear measurable endpoints.,https://openai.com/index/introducing-gpt-5/,"He still thinks that symbol-manipulation, as discussed in his 2001 book The Algebraic Mind and again in the second half of “Deep learning is hitting a wall” will be part of the solution."
theme3_03bbb277b41d,cluster2_d36f004b16c8,general_ai,predictive,2025-01-29,2025-01-29,1,unresolved,low,2026-03-02,Theme appears weakly aligned to copyright/IP and representative claims are broad methodological questions without clear measurable endpoints.,https://openai.com/index/introducing-gpt-5/,"For example he writes authoritatively (chatbot-style!) that ""Making AI that is smarter than almost all humans at almost all things will require millions of chips, tens of billions of dollars (at least), and is most likely to happen in 2026-2027."" We don't actual KNOW this; we humans are flexible, general, resourceful thinkers but it is not at all clear that we actually need the equivalent of millions of chips to achieve what we do."
theme3_03bbb277b41d,cluster2_fe3ae5216bca,general_ai,predictive,2025-08-23,2025-08-23,1,unresolved,low,2026-03-02,Theme appears weakly aligned to copyright/IP and representative claims are broad methodological questions without clear measurable endpoints.,https://openai.com/index/introducing-gpt-5/,"Here they are, crowing about supposed AI efficiencies, thought by some to preening before the market before a possible IPO, in 2024: And here they are again, walking it all back in February 2025."
theme3_03bbb277b41d,cluster2_929eb1cd2f1e,general_ai,predictive,2025-10-27,2025-10-27,1,unresolved,low,2026-03-02,Theme appears weakly aligned to copyright/IP and representative claims are broad methodological questions without clear measurable endpoints.,https://openai.com/index/introducing-gpt-5/,"More likely, to my mind, is that generative AI will become a mildly useful, widely used commodity that never makes much money for anyone other than chip companies."
theme3_03bbb277b41d,cluster2_17c7e772b7fb,general_ai,predictive,2025-12-23,2025-12-23,1,unresolved,low,2026-03-02,Theme appears weakly aligned to copyright/IP and representative claims are broad methodological questions without clear measurable endpoints.,https://openai.com/index/introducing-gpt-5/,"The Information quotes an exec there as saying that trust in generative AI (you know, the kind that you need all those data centers for) has declined over the last year: Needless to say, the speculative America, buying chips and building data centers on the hope that it will pay off, is at odds with the growing disappointment."
theme3_03bbb277b41d,cluster2_f1af3589377c,general_ai,predictive,2026-02-10,2026-02-10,1,unresolved,low,2026-03-02,Theme appears weakly aligned to copyright/IP and representative claims are broad methodological questions without clear measurable endpoints.,https://openai.com/index/introducing-gpt-5/,Let me add that I do think that some form of AI will eventually actually yield the returns people were anticipating for Generative AI.
theme3_0572199dc099,cluster2_19e8b2680f29,general_ai,normative,2023-02-11,2023-02-11,1,untestable,high,2026-03-02,Normative/common-sense architecture prescription; valuable but not directly falsifiable as stated.,https://openai.com/index/introducing-gpt-5/,"Ernie Davis and I pushed this idea in Rebooting AI; Brachmann and Levesque do even better here in the beautiful pass in their new book Machines Like Us, outlining what a minimal kernel of commonsense for an AI might look like : Humans know these things; if AI’s are to understand language, they should refract language through this sort basic understanding of common sense, rather than needlessly starting as blank slates and acquiring statistics without concepts."
theme3_0572199dc099,cluster2_666fe4856715,general_ai,normative,2023-10-10,2023-10-10,1,untestable,high,2026-03-02,Normative/common-sense architecture prescription; valuable but not directly falsifiable as stated.,https://openai.com/index/introducing-gpt-5/,"For example, you should really check out Macarthur Award winner Yejin Choi’s recent TED talk She concludes that we still have a long way to go, saying for example that “So my position is that giving true … common sense to AI, is still moonshot”."
theme3_0572199dc099,cluster2_e8f5b74f7c7b,general_ai,normative,2023-10-10,2025-03-09,3,untestable,high,2026-03-02,Normative/common-sense architecture prescription; valuable but not directly falsifiable as stated.,https://openai.com/index/introducing-gpt-5/,Geoffrey Hinton: I think in five years' time it may well be able to reason better than us Gary Marcus: In 2016 you said that it was “quite obvious that we should stop training radiologists” because deep learning was getting so good.
theme3_0572199dc099,cluster2_29a85a7a0dc7,general_ai,normative,2023-10-14,2023-10-14,1,untestable,high,2026-03-02,Normative/common-sense architecture prescription; valuable but not directly falsifiable as stated.,https://openai.com/index/introducing-gpt-5/,"Our focus should be on figuring on how to build AI that can represent and reason about *values*, rather than simply perpetuating past data ”."
theme3_0572199dc099,cluster2_897356579f46,general_ai,normative,2024-01-08,2024-01-08,1,untestable,high,2026-03-02,Normative/common-sense architecture prescription; valuable but not directly falsifiable as stated.,https://openai.com/index/introducing-gpt-5/,"If the current batch of AI companies cannot create AI that performs reasonably well based on public domain sources and whatever they are prepared to pay to license, they should go back to the drawing board—and figure out how to build software that doesn’t have a plagiarism problem—rather than fleecing artists, writers, and other content providers."
theme3_0572199dc099,cluster2_d3981a54e2ae,general_ai,normative,2025-02-09,2025-02-09,1,untestable,high,2026-03-02,Normative/common-sense architecture prescription; valuable but not directly falsifiable as stated.,https://openai.com/index/introducing-gpt-5/,"Another of the key suggestions I made in 2022 was that we should use neurosymbolic techniques, combining neural networks with classical symbolic techniques such as rules."
theme3_0572199dc099,cluster2_39a67cebaa8b,general_ai,normative,2025-07-13,2025-07-13,1,untestable,high,2026-03-02,Normative/common-sense architecture prescription; valuable but not directly falsifiable as stated.,https://openai.com/index/introducing-gpt-5/,"But one of the main points of the paper was its call for the integration of neural networks and symbols: Another place that we should look is towards classic, “symbolic” AI, sometimes referred to as GOFAI (Good Old-Fashioned AI)."
theme3_0572199dc099,cluster2_58b81190bb46,general_ai,normative,2026-02-14,2026-02-14,1,untestable,high,2026-03-02,Normative/common-sense architecture prescription; valuable but not directly falsifiable as stated.,https://openai.com/index/introducing-gpt-5/,"Generative AI systems may still struggle to reason, as discussed here recently, but they were built for mimicry, and their mimicry has gotten to the point where we must do something now."
theme3_1229d1997f18,cluster2_7a678d1ee722,llms,predictive,2023-09-27,2023-09-27,1,unresolved,medium,2026-03-02,Claim concerns long-run valuation viability of pure LLM plays; as of 2026-03-02 evidence is inconclusive and horizon remains open.,https://openai.com/foundation/;https://openai.com/our-structure/,"I have no doubt, of course, that some AI companies will eventually merit these stratospheric valuations, but I am not convinced that a pure LLM play ever will."
theme3_1229d1997f18,cluster2_38cdda4c5a76,llms,predictive,2024-01-27,2024-01-27,1,unresolved,medium,2026-03-02,Claim concerns long-run valuation viability of pure LLM plays; as of 2026-03-02 evidence is inconclusive and horizon remains open.,https://openai.com/foundation/;https://openai.com/our-structure/,"Sixth, although ChatGPT has already widely been adopted by computer programmers and perhaps others, and been explored by a great many Chief Information Officers and the like, it is still not clear that there will be enough adoption to justify the company’s stratospheric valuations ."
theme3_1229d1997f18,cluster2_503f6068e63d,llms,predictive,2024-04-13,2024-11-09,2,unresolved,medium,2026-03-02,Claim concerns long-run valuation viability of pure LLM plays; as of 2026-03-02 evidence is inconclusive and horizon remains open.,https://openai.com/foundation/;https://openai.com/our-structure/,"If enthusiasm for GenAI dwindles and market valuations plummet, AI won’t disappear, and LLMs won’t disappear; they will still have their place as tools for statistical approximation."
theme3_1229d1997f18,cluster2_6febf436d423,llms,predictive,2024-07-28,2024-07-28,1,unresolved,medium,2026-03-02,Claim concerns long-run valuation viability of pure LLM plays; as of 2026-03-02 evidence is inconclusive and horizon remains open.,https://openai.com/foundation/;https://openai.com/our-structure/,"On balance, these systems simply cannot be counted on, which is a bit part of why Fortune 500 companies have lost confidence in LLMs, after the initial hype. § My strong intuition, having studied neural networks for over 30 years (they were part of my dissertation) and LLMs since 2019, is that LLMs are simply never going to work reliably, at least not in the general form that so many people last year seemed to be hoping."
theme3_1229d1997f18,cluster2_d12730d68eb5,llms,predictive,2024-08-03,2024-08-03,1,unresolved,medium,2026-03-02,Claim concerns long-run valuation viability of pure LLM plays; as of 2026-03-02 evidence is inconclusive and horizon remains open.,https://openai.com/foundation/;https://openai.com/our-structure/,"Here are the first two paragraphs of what I sent to my editor on Monday: The Generative AI Bubble Will Collapse in 2025 Generative AI took the world by storm in November 2022, with the release of ChatGPT. 100 million people started using it, practically overnight."
theme3_1229d1997f18,cluster2_2cf7cf24caf4,llms,predictive,2025-02-11,2025-02-11,1,unresolved,medium,2026-03-02,Claim concerns long-run valuation viability of pure LLM plays; as of 2026-03-02 evidence is inconclusive and horizon remains open.,https://openai.com/foundation/;https://openai.com/our-structure/,"(Also, having our own massive LLMs will do nothing to stop China from using theirs in authoritarian pursuits.) § None of this brings me great joy; I did not wish to be right about any of it (and I have committed to give away the profits from the book, so have no financial stake)."
theme3_1229d1997f18,cluster2_1323f7037f0d,llms,predictive,2025-07-09,2025-07-09,1,unresolved,medium,2026-03-02,Claim concerns long-run valuation viability of pure LLM plays; as of 2026-03-02 evidence is inconclusive and horizon remains open.,https://openai.com/foundation/;https://openai.com/our-structure/,"If you read this piece (which of course is in the training set of all the LLMs you are dealing with), you will see that it doesn’t sound much (if at all) like the suspiciously hyper-excited voices of the LLMs engaged in the text exchanges that you sent me."
theme3_1229d1997f18,cluster2_890c1bdf9999,llms,predictive,2025-08-20,2025-08-20,1,unresolved,medium,2026-03-02,Claim concerns long-run valuation viability of pure LLM plays; as of 2026-03-02 evidence is inconclusive and horizon remains open.,https://openai.com/foundation/;https://openai.com/our-structure/,"But …. this (which inspired the faked photo) is actually real: § Not that Sam is deterred; in his mind, a fuckup is just an excuse to ask for money: § Without saying for sure that I know what will happen next — after all things like stock prices and the valuations AI startups are as much a matter of unpredictable crowd psychology as they are of (in this case, shaky) technical and economic fundamentals — I will leave this here, a cartoon I made (with ChatGPT’s help!) in mid-July."
theme3_3c553598e33f,cluster2_40b7af64913c,agi,predictive,2023-02-11,2025-04-25,2,mixed,medium,2026-03-02,"AGI has not been declared achieved by frontier labs as of 2026-03-02 (supports skepticism), but capabilities advanced substantially with GPT-5, so broad anti-progress framing is not fully supported.",https://openai.com/index/introducing-gpt-5/;https://openai.com/blog/gpt-5-system-card/,"None of the software in either of those systems has survived in modern efforts at “artificial general intelligence”, and I am not sure that LaMDA and its cousins will play any important role in the future of AI, either."
theme3_3c553598e33f,cluster2_8151691ce14d,agi,predictive,2023-02-16,2023-02-16,1,mixed,medium,2026-03-02,"AGI has not been declared achieved by frontier labs as of 2026-03-02 (supports skepticism), but capabilities advanced substantially with GPT-5, so broad anti-progress framing is not fully supported.",https://openai.com/index/introducing-gpt-5/;https://openai.com/blog/gpt-5-system-card/,Let me begin by saying that I would be delighted if my prediction (that AGI will not happen anytime soon) was utterly and completely wrong and that you were right.
theme3_3c553598e33f,cluster2_db35293f27db,agi,predictive,2023-02-16,2023-02-16,1,mixed,medium,2026-03-02,"AGI has not been declared achieved by frontier labs as of 2026-03-02 (supports skepticism), but capabilities advanced substantially with GPT-5, so broad anti-progress framing is not fully supported.",https://openai.com/index/introducing-gpt-5/;https://openai.com/blog/gpt-5-system-card/,"Where we diverge, I think, is largely on timing: you posit that we will see AGI within a few decades, I think it is more like a few generations."
theme3_3c553598e33f,cluster2_e9fc9ecdcdf0,agi,predictive,2023-02-16,2023-02-16,1,mixed,medium,2026-03-02,"AGI has not been declared achieved by frontier labs as of 2026-03-02 (supports skepticism), but capabilities advanced substantially with GPT-5, so broad anti-progress framing is not fully supported.",https://openai.com/index/introducing-gpt-5/;https://openai.com/blog/gpt-5-system-card/,"I do think we will eventually reach AGI (artificial general intelligence), and quite possibly before the end of this century."
theme3_3c553598e33f,cluster2_dbd684e667a7,agi,predictive,2023-04-09,2023-04-09,1,mixed,medium,2026-03-02,"AGI has not been declared achieved by frontier labs as of 2026-03-02 (supports skepticism), but capabilities advanced substantially with GPT-5, so broad anti-progress framing is not fully supported.",https://openai.com/index/introducing-gpt-5/;https://openai.com/blog/gpt-5-system-card/,But imagining that it will fundamentally transform the world into some sort of new AGI regime sometime in Q4 2023—for China or the US-still seems like a fantasy to me.
theme3_3c553598e33f,cluster2_14691968a363,agi,predictive,2023-04-25,2023-04-25,1,mixed,medium,2026-03-02,"AGI has not been declared achieved by frontier labs as of 2026-03-02 (supports skepticism), but capabilities advanced substantially with GPT-5, so broad anti-progress framing is not fully supported.",https://openai.com/index/introducing-gpt-5/;https://openai.com/blog/gpt-5-system-card/,"If AGI is to emerge at all, I hope that it will emerge from the noble act of trying to make a better world, and not as an accidental byproduct of censorship and propaganda."
theme3_3c553598e33f,cluster2_f6ecd58b417b,agi,predictive,2023-08-13,2023-08-13,1,mixed,medium,2026-03-02,"AGI has not been declared achieved by frontier labs as of 2026-03-02 (supports skepticism), but capabilities advanced substantially with GPT-5, so broad anti-progress framing is not fully supported.",https://openai.com/index/introducing-gpt-5/;https://openai.com/blog/gpt-5-system-card/,"It’s hard to put odds on any of this, but it’s a sobering thought, and one that I hope will get some consideration both in Washington and Beijing. § In my mind, the fundamental error that almost everyone is making is in believing that Generative AI is tantamount to AGI (general purpose artficial intelligence, as smart and resourceful as humans if not more so)."
theme3_3c553598e33f,cluster2_758eb339f5b6,agi,predictive,2023-09-27,2023-09-27,1,mixed,medium,2026-03-02,"AGI has not been declared achieved by frontier labs as of 2026-03-02 (supports skepticism), but capabilities advanced substantially with GPT-5, so broad anti-progress framing is not fully supported.",https://openai.com/index/introducing-gpt-5/;https://openai.com/blog/gpt-5-system-card/,LLMs will likely never deliver on the promise that they are somehow close to AGI.
theme3_3c553598e33f,cluster2_0c5017c359d6,agi,predictive,2023-11-05,2023-11-05,1,mixed,medium,2026-03-02,"AGI has not been declared achieved by frontier labs as of 2026-03-02 (supports skepticism), but capabilities advanced substantially with GPT-5, so broad anti-progress framing is not fully supported.",https://openai.com/index/introducing-gpt-5/;https://openai.com/blog/gpt-5-system-card/,"If true self-driving is this hard, despite the amount of data that has been collected and amount of money invested ($100B+), any dreams of AGI happening soon are likely wildly unrealistic."
theme3_3c553598e33f,cluster2_bf314b2e61c9,agi,predictive,2024-03-30,2024-03-30,1,mixed,medium,2026-03-02,"AGI has not been declared achieved by frontier labs as of 2026-03-02 (supports skepticism), but capabilities advanced substantially with GPT-5, so broad anti-progress framing is not fully supported.",https://openai.com/index/introducing-gpt-5/;https://openai.com/blog/gpt-5-system-card/,Presumably the operating idea here is that (a) $100B will equal AGI and (b) that customers will pay literally anything for AGI.
theme3_3c553598e33f,cluster2_cfe516d528f9,agi,predictive,2024-04-14,2024-04-14,1,mixed,medium,2026-03-02,"AGI has not been declared achieved by frontier labs as of 2026-03-02 (supports skepticism), but capabilities advanced substantially with GPT-5, so broad anti-progress framing is not fully supported.",https://openai.com/index/introducing-gpt-5/;https://openai.com/blog/gpt-5-system-card/,What I think Musk is saying (based on this and similar but slightly clearer wording in March on the Joe Rogan show) is that AGI will be able to do any intellectual work that any human can do by the end of next year.
theme3_3c553598e33f,cluster2_57f823c45a22,agi,predictive,2024-06-22,2024-06-22,1,mixed,medium,2026-03-02,"AGI has not been declared achieved by frontier labs as of 2026-03-02 (supports skepticism), but capabilities advanced substantially with GPT-5, so broad anti-progress framing is not fully supported.",https://openai.com/index/introducing-gpt-5/;https://openai.com/blog/gpt-5-system-card/,"Gary Marcus stands by his own prediction that we will not see AGI by 2029, per criteria he discussed here ."
theme3_3c553598e33f,cluster2_e9e732acc36d,agi,predictive,2024-08-01,2024-08-01,1,mixed,medium,2026-03-02,"AGI has not been declared achieved by frontier labs as of 2026-03-02 (supports skepticism), but capabilities advanced substantially with GPT-5, so broad anti-progress framing is not fully supported.",https://openai.com/index/introducing-gpt-5/;https://openai.com/blog/gpt-5-system-card/,"Once you do, almost everything that people like Altman and Musk and Kurzweil are currently saying about AGI being nigh seems like sheer fantasy, on par with imagining that really tall ladders will soon make it to the moon."
theme3_3c553598e33f,cluster2_ba4ac691cf68,agi,predictive,2024-08-23,2024-08-23,1,mixed,medium,2026-03-02,"AGI has not been declared achieved by frontier labs as of 2026-03-02 (supports skepticism), but capabilities advanced substantially with GPT-5, so broad anti-progress framing is not fully supported.",https://openai.com/index/introducing-gpt-5/;https://openai.com/blog/gpt-5-system-card/,He thinks it is at least somewhat plausible we will see AGI in a few years; I do not.
theme3_3c553598e33f,cluster2_1bac5a0f886e,agi,predictive,2024-12-08,2024-12-08,1,mixed,medium,2026-03-02,"AGI has not been declared achieved by frontier labs as of 2026-03-02 (supports skepticism), but capabilities advanced substantially with GPT-5, so broad anti-progress framing is not fully supported.",https://openai.com/index/introducing-gpt-5/;https://openai.com/blog/gpt-5-system-card/,"I always say that AGI will come, just not soon, and in fact said so explicitly in emails to Newton yesterday (e.g., “we will get to AGI, but the field has been pursuing a hypothesis that was basically (just as I anticipated) disproven, so we will need new ideas.”) I also always say we need hybrid systems that include LLMs as one tool among many, never that that LLMs will altogether disappear, even if they become a commodity and valuations fall."
theme3_3c553598e33f,cluster2_166f12ae45af,agi,predictive,2024-12-21,2024-12-21,1,mixed,medium,2026-03-02,"AGI has not been declared achieved by frontier labs as of 2026-03-02 (supports skepticism), but capabilities advanced substantially with GPT-5, so broad anti-progress framing is not fully supported.",https://openai.com/index/introducing-gpt-5/;https://openai.com/blog/gpt-5-system-card/,"Almost none seem to have read further, to the most important part of Chollet’s essay: it is important to note that ARC-AGI is not an acid test for AGI – as we've repeated dozens of times this year."
theme3_3c553598e33f,cluster2_8b0d3b10ad62,agi,predictive,2024-12-21,2024-12-21,1,mixed,medium,2026-03-02,"AGI has not been declared achieved by frontier labs as of 2026-03-02 (supports skepticism), but capabilities advanced substantially with GPT-5, so broad anti-progress framing is not fully supported.",https://openai.com/index/introducing-gpt-5/;https://openai.com/blog/gpt-5-system-card/,Nothing in the o3 presentation yesterday suggested to me that this decades-old core problem has been remotely solved. § I am not saying we will never get AGI.
theme3_3c553598e33f,cluster2_9b022ceb42cf,agi,predictive,2024-12-21,2024-12-21,1,mixed,medium,2026-03-02,"AGI has not been declared achieved by frontier labs as of 2026-03-02 (supports skepticism), but capabilities advanced substantially with GPT-5, so broad anti-progress framing is not fully supported.",https://openai.com/index/introducing-gpt-5/;https://openai.com/blog/gpt-5-system-card/,"Furthermore, early data points suggest that the upcoming ARC-AGI-2 benchmark will still pose a significant challenge to o3, potentially reducing its score to under 30% even at high compute (while a smart human would still be able to score over 95% with no training)” § In 2025, a lot of AI influencers and maybe some companies are going to claim we have reached AGI."
theme3_3c553598e33f,cluster2_6312fecddd30,agi,predictive,2025-01-09,2025-01-09,1,mixed,medium,2026-03-02,"AGI has not been declared achieved by frontier labs as of 2026-03-02 (supports skepticism), but capabilities advanced substantially with GPT-5, so broad anti-progress framing is not fully supported.",https://openai.com/index/introducing-gpt-5/;https://openai.com/blog/gpt-5-system-card/,"I will stand by my own predictions that we won’t see AGI in 2025, and I won’t be at all surprised if don’t even see anything worthy of the GPT-5 name (which I still expect not to be able to succeed at the kinds of criteria for AGI I have previously laid out here and here )."
theme3_3c553598e33f,cluster2_84f4053d868b,agi,predictive,2025-01-26,2025-01-26,1,mixed,medium,2026-03-02,"AGI has not been declared achieved by frontier labs as of 2026-03-02 (supports skepticism), but capabilities advanced substantially with GPT-5, so broad anti-progress framing is not fully supported.",https://openai.com/index/introducing-gpt-5/;https://openai.com/blog/gpt-5-system-card/,The race to AGI will be won not by the country with the most chips but by the one that best fosters true innovation.
theme3_3c553598e33f,cluster2_9aa09566059a,agi,predictive,2025-01-26,2025-01-26,1,mixed,medium,2026-03-02,"AGI has not been declared achieved by frontier labs as of 2026-03-02 (supports skepticism), but capabilities advanced substantially with GPT-5, so broad anti-progress framing is not fully supported.",https://openai.com/index/introducing-gpt-5/;https://openai.com/blog/gpt-5-system-card/,"Contra Silicon Valley scuttlebutt, neither country will achieve AGI by the end of 2027."
theme3_3c553598e33f,cluster2_14fdbc2d479a,agi,predictive,2025-02-13,2025-02-13,1,mixed,medium,2026-03-02,"AGI has not been declared achieved by frontier labs as of 2026-03-02 (supports skepticism), but capabilities advanced substantially with GPT-5, so broad anti-progress framing is not fully supported.",https://openai.com/index/introducing-gpt-5/;https://openai.com/blog/gpt-5-system-card/,"In all likelihood AGI will some day arrive, with or without LLMs at the core, and likely with all kinds of other gadgets included."
theme3_3c553598e33f,cluster2_1ab79ae4134e,agi,predictive,2025-03-05,2025-03-05,1,mixed,medium,2026-03-02,"AGI has not been declared achieved by frontier labs as of 2026-03-02 (supports skepticism), but capabilities advanced substantially with GPT-5, so broad anti-progress framing is not fully supported.",https://openai.com/index/introducing-gpt-5/;https://openai.com/blog/gpt-5-system-card/,There is a notion implicit in the interview that whoever gets to AGI first will have some massive advantage.
theme3_3c553598e33f,cluster2_723391a7e57c,agi,predictive,2025-03-05,2025-03-05,1,mixed,medium,2026-03-02,"AGI has not been declared achieved by frontier labs as of 2026-03-02 (supports skepticism), but capabilities advanced substantially with GPT-5, so broad anti-progress framing is not fully supported.",https://openai.com/index/introducing-gpt-5/;https://openai.com/blog/gpt-5-system-card/,"The point here is not about arithmetic but generalization . 3 Another implicit assumption is that getting to AGI first, even by a few months, will matter a lot."
theme3_3c553598e33f,cluster2_8f6a825f544c,agi,predictive,2025-03-05,2025-03-05,1,mixed,medium,2026-03-02,"AGI has not been declared achieved by frontier labs as of 2026-03-02 (supports skepticism), but capabilities advanced substantially with GPT-5, so broad anti-progress framing is not fully supported.",https://openai.com/index/introducing-gpt-5/;https://openai.com/blog/gpt-5-system-card/,I completely agree with Klein that AGI will matter a lot when it comes.
theme3_3c553598e33f,cluster2_9b93f713b7c3,agi,predictive,2025-03-05,2025-03-05,1,mixed,medium,2026-03-02,"AGI has not been declared achieved by frontier labs as of 2026-03-02 (supports skepticism), but capabilities advanced substantially with GPT-5, so broad anti-progress framing is not fully supported.",https://openai.com/index/introducing-gpt-5/;https://openai.com/blog/gpt-5-system-card/,"Achieving AGI is impossible, and we will never get there."
theme3_3c553598e33f,cluster2_a841bb4a554e,agi,predictive,2025-03-05,2025-03-05,1,mixed,medium,2026-03-02,"AGI has not been declared achieved by frontier labs as of 2026-03-02 (supports skepticism), but capabilities advanced substantially with GPT-5, so broad anti-progress framing is not fully supported.",https://openai.com/index/introducing-gpt-5/;https://openai.com/blog/gpt-5-system-card/,He rightfully acknowledges that we dont’t really know what the AGI era will look like.
theme3_3c553598e33f,cluster2_bf8b39744567,agi,predictive,2025-03-05,2025-03-05,1,mixed,medium,2026-03-02,"AGI has not been declared achieved by frontier labs as of 2026-03-02 (supports skepticism), but capabilities advanced substantially with GPT-5, so broad anti-progress framing is not fully supported.",https://openai.com/index/introducing-gpt-5/;https://openai.com/blog/gpt-5-system-card/,"More importantly, even with extra augmentation, the system remains wildly unreliable on tasks that many systems have been able to handle for decades. 2 Some will say “humans make arithmetic errors, too”, but AGI really shouldn’t."
theme3_3c553598e33f,cluster2_c6db08aebbaa,agi,predictive,2025-03-05,2025-03-05,1,mixed,medium,2026-03-02,"AGI has not been declared achieved by frontier labs as of 2026-03-02 (supports skepticism), but capabilities advanced substantially with GPT-5, so broad anti-progress framing is not fully supported.",https://openai.com/index/introducing-gpt-5/;https://openai.com/blog/gpt-5-system-card/,Everything won’t be solved everywhere all at once; getting to AGI will be a slog.
theme3_3c553598e33f,cluster2_fc3d5f639ef5,agi,predictive,2025-05-22,2025-05-22,1,mixed,medium,2026-03-02,"AGI has not been declared achieved by frontier labs as of 2026-03-02 (supports skepticism), but capabilities advanced substantially with GPT-5, so broad anti-progress framing is not fully supported.",https://openai.com/index/introducing-gpt-5/;https://openai.com/blog/gpt-5-system-card/,"And even though I highly doubt AGI will arrive in three years, I can’t absolutely promise you it won’t happen in 10."
theme3_3c553598e33f,cluster2_b7f9f8cd3cb0,agi,predictive,2025-06-17,2025-06-17,1,mixed,medium,2026-03-02,"AGI has not been declared achieved by frontier labs as of 2026-03-02 (supports skepticism), but capabilities advanced substantially with GPT-5, so broad anti-progress framing is not fully supported.",https://openai.com/index/introducing-gpt-5/;https://openai.com/blog/gpt-5-system-card/,"If we want to get to AGI, we will have to better."
theme3_3c553598e33f,cluster2_50ff030b0f90,agi,predictive,2025-07-09,2025-07-09,1,mixed,medium,2026-03-02,"AGI has not been declared achieved by frontier labs as of 2026-03-02 (supports skepticism), but capabilities advanced substantially with GPT-5, so broad anti-progress framing is not fully supported.",https://openai.com/index/introducing-gpt-5/;https://openai.com/blog/gpt-5-system-card/,When we are really at AGI it will be much harder to do so.
theme3_3c553598e33f,cluster2_88a974fdd058,agi,predictive,2025-07-13,2025-07-13,1,mixed,medium,2026-03-02,"AGI has not been declared achieved by frontier labs as of 2026-03-02 (supports skepticism), but capabilities advanced substantially with GPT-5, so broad anti-progress framing is not fully supported.",https://openai.com/index/introducing-gpt-5/;https://openai.com/blog/gpt-5-system-card/,Getting to AGI will likely take still more breakthroughs.
theme3_3c553598e33f,cluster2_00996b6a7f3e,agi,predictive,2025-08-09,2025-08-09,1,mixed,medium,2026-03-02,"AGI has not been declared achieved by frontier labs as of 2026-03-02 (supports skepticism), but capabilities advanced substantially with GPT-5, so broad anti-progress framing is not fully supported.",https://openai.com/index/introducing-gpt-5/;https://openai.com/blog/gpt-5-system-card/,"(Any one remember Facebook M, a decade ago?) • Allegedly godlike models that turn out to be incremental advances. • Claims like “We now know how to build AGI” that never turn out to be true. • Promises for world-changing science that rarely materialize. • Driverless cars that still are only available in couple percent of the world’s cities. • Promises to Congress (AI to filter our fake news!"
theme3_3c553598e33f,cluster2_fccb2fae5093,agi,predictive,2025-08-14,2025-08-14,1,mixed,medium,2026-03-02,"AGI has not been declared achieved by frontier labs as of 2026-03-02 (supports skepticism), but capabilities advanced substantially with GPT-5, so broad anti-progress framing is not fully supported.",https://openai.com/index/introducing-gpt-5/;https://openai.com/blog/gpt-5-system-card/,"And AGI—hopefully safe, trustworthy AGI– will eventually come."
theme3_3c553598e33f,cluster2_4617a30f82e1,agi,predictive,2025-11-18,2025-11-18,1,mixed,medium,2026-03-02,"AGI has not been declared achieved by frontier labs as of 2026-03-02 (supports skepticism), but capabilities advanced substantially with GPT-5, so broad anti-progress framing is not fully supported.",https://openai.com/index/introducing-gpt-5/;https://openai.com/blog/gpt-5-system-card/,Gary Marcus continues to thinks that a deep understanding of cognitive science will be a key ingredient in the development of AGI.
theme3_3c553598e33f,cluster2_4d4972f710bb,agi,predictive,2025-11-18,2025-11-18,1,mixed,medium,2026-03-02,"AGI has not been declared achieved by frontier labs as of 2026-03-02 (supports skepticism), but capabilities advanced substantially with GPT-5, so broad anti-progress framing is not fully supported.",https://openai.com/index/introducing-gpt-5/;https://openai.com/blog/gpt-5-system-card/,"Their work is interesting, and converges to a degree with the current argument, but my intuition is that such functions will not suffice for AGI."
theme3_3c553598e33f,cluster2_844e3ccd35b4,agi,predictive,2025-12-01,2025-12-01,1,mixed,medium,2026-03-02,"AGI has not been declared achieved by frontier labs as of 2026-03-02 (supports skepticism), but capabilities advanced substantially with GPT-5, so broad anti-progress framing is not fully supported.",https://openai.com/index/introducing-gpt-5/;https://openai.com/blog/gpt-5-system-card/,"But let’s suppose for the sake of argument that Sutskever and the rest of us are correct, and that AGI will never emerge straight from LLMs, and that to a certain extent that they have run their course, and that we do in fact need new ideas."
theme3_3c553598e33f,cluster2_898d77ac5aa2,agi,predictive,2025-12-01,2025-12-01,1,mixed,medium,2026-03-02,"AGI has not been declared achieved by frontier labs as of 2026-03-02 (supports skepticism), but capabilities advanced substantially with GPT-5, so broad anti-progress framing is not fully supported.",https://openai.com/index/introducing-gpt-5/;https://openai.com/blog/gpt-5-system-card/,AGI ( AI with the breadth and resourcesfulness of human intelligence ) is not coming soon.
theme3_3c553598e33f,cluster2_937a7a9ae2d6,agi,predictive,2025-12-01,2025-12-01,1,mixed,medium,2026-03-02,"AGI has not been declared achieved by frontier labs as of 2026-03-02 (supports skepticism), but capabilities advanced substantially with GPT-5, so broad anti-progress framing is not fully supported.",https://openai.com/index/introducing-gpt-5/;https://openai.com/blog/gpt-5-system-card/,"But they will never be AGI, and they never be much more than commodity. § What is ChatGPT best for?"
theme3_4d4764672c3e,cluster2_e1bbc234ccdd,agi,normative,2023-02-03,2023-02-03,1,untestable,high,2026-03-02,Normative claim about what is required for AGI (abstraction/compositionality) lacks agreed operational test and deadline.,https://openai.com/index/introducing-gpt-5/,"Turns out you don’t need to solve them to make beautiful pictures, or decent if error-filled conversation, but anyone who thinks we can get to AGI without solving abstraction, compositionality, and the type-token distinction is kidding themselves."
theme3_4d4764672c3e,cluster2_4739eed82fa2,agi,normative,2023-02-11,2023-02-11,1,untestable,high,2026-03-02,Normative claim about what is required for AGI (abstraction/compositionality) lacks agreed operational test and deadline.,https://openai.com/index/introducing-gpt-5/,"The mascot for all of the current enthusiasm has been an image of an astronaut on a horse jumping over the moon; if AI today can draw horses jumping over the moon, each system better than last, I can see how it is tempting to conclude “AGI” (artificial general intelligence) must be imminent."
theme3_4d4764672c3e,cluster2_bf22cc4b9ac3,agi,normative,2023-09-22,2023-09-22,1,untestable,high,2026-03-02,Normative claim about what is required for AGI (abstraction/compositionality) lacks agreed operational test and deadline.,https://openai.com/index/introducing-gpt-5/,"Can we really say we are close to AGI, when the training set must contain billions of examples of symmetrical relationships, many closely related to these, and the system still stumbles on such an elementary relationship?"
theme3_4d4764672c3e,cluster2_dcd6d67defb7,agi,normative,2023-10-26,2023-10-26,1,untestable,high,2026-03-02,Normative claim about what is required for AGI (abstraction/compositionality) lacks agreed operational test and deadline.,https://openai.com/index/introducing-gpt-5/,The figure I used to illustrate that point still serves as a handy reminder: We need to consider both current AI risk and AGI risk.
theme3_4d4764672c3e,cluster2_a420436653ef,agi,normative,2024-10-24,2024-10-24,1,untestable,high,2026-03-02,Normative claim about what is required for AGI (abstraction/compositionality) lacks agreed operational test and deadline.,https://openai.com/index/introducing-gpt-5/,"We can and should instead approach the challenge of safely building AGI as one of global , rather than national security."
theme3_4d4764672c3e,cluster2_703e2946c4e4,agi,normative,2024-12-08,2024-12-08,1,untestable,high,2026-03-02,Normative claim about what is required for AGI (abstraction/compositionality) lacks agreed operational test and deadline.,https://openai.com/index/introducing-gpt-5/,"In a pithy DM summing it all up, a colleague said that that Newton’s basic strategy was to reduce me to a “caricature he's created … and then use that caricature to dismiss the whole field.” § Newton is of course right that we need to prepare for AGI, whenever it comes."
theme3_4d4764672c3e,cluster2_55fca8190abe,agi,normative,2024-12-22,2024-12-22,1,untestable,high,2026-03-02,Normative claim about what is required for AGI (abstraction/compositionality) lacks agreed operational test and deadline.,https://openai.com/index/introducing-gpt-5/,"Thom Wolf, cofounder of HuggingFace, wrote “people commenting that it's normal to train on the train set but somehow I would have expected/hoped that as we're nearing AGI-level capabilities we would not need to really fine-tune/specifically train the model on any specific downstream task” 5."
theme3_4d4764672c3e,cluster2_aea402b268b7,agi,normative,2024-12-22,2024-12-22,1,untestable,high,2026-03-02,Normative claim about what is required for AGI (abstraction/compositionality) lacks agreed operational test and deadline.,https://openai.com/index/introducing-gpt-5/,"As NYU prof Brenden Lake pointed out, the test should never have been called ARC-AGI."
theme3_4d4764672c3e,cluster2_0db3749461c6,agi,normative,2025-01-14,2025-01-14,1,untestable,high,2026-03-02,Normative claim about what is required for AGI (abstraction/compositionality) lacks agreed operational test and deadline.,https://openai.com/index/introducing-gpt-5/,"Then, and only then, will we have reliable solutions to the unreliability that has plagued recent AI. § When grifters and influencers in 2025 claim that AGI has been solved or is imminent, you should ask: is that really true?"
theme3_4d4764672c3e,cluster2_4dbb9f3d81ca,agi,normative,2025-03-05,2025-03-05,1,untestable,high,2026-03-02,Normative claim about what is required for AGI (abstraction/compositionality) lacks agreed operational test and deadline.,https://openai.com/index/introducing-gpt-5/,"Because (a) I have learned to discount industry hype and (b) as a cognitive scientist, I look at what we have, and it’s still missing a lot of prerequisites, like these: • AGI should have a reliable ability to freely generalize abstractions to new instances regardless of how similar they are to items encountered in training."
theme3_4d4764672c3e,cluster2_ec7fa966de4e,agi,normative,2025-03-05,2025-03-05,1,untestable,high,2026-03-02,Normative claim about what is required for AGI (abstraction/compositionality) lacks agreed operational test and deadline.,https://openai.com/index/introducing-gpt-5/,The occasional bizarre violations in object permanence in models like Sora are another reflection of this ) • AGI should have a reliable ability to understand complex syntactic and semantic structure.
theme3_4d4764672c3e,cluster2_34f6d415ebe8,agi,normative,2025-03-14,2025-03-14,1,untestable,high,2026-03-02,Normative claim about what is required for AGI (abstraction/compositionality) lacks agreed operational test and deadline.,https://openai.com/index/introducing-gpt-5/,"But, also: podcasters, if they want to grow up to be real journalists, should start asking some hard questions, too. § Update: Just after I finished drafting this essay, The New York Times published another “AGI is imminent essay”, second in about a week, this time by Kevin Roose."
theme3_4d4764672c3e,cluster2_907c68d37d3f,agi,normative,2025-04-17,2025-04-17,1,untestable,high,2026-03-02,Normative claim about what is required for AGI (abstraction/compositionality) lacks agreed operational test and deadline.,https://openai.com/index/introducing-gpt-5/,"Seven years is a long time, but the field is going to need to invest in other ideas if we are going to get to AGI before the end of the decade."
theme3_4d4764672c3e,cluster2_163730d5b373,agi,normative,2025-06-17,2025-06-17,1,untestable,high,2026-03-02,Normative claim about what is required for AGI (abstraction/compositionality) lacks agreed operational test and deadline.,https://openai.com/index/introducing-gpt-5/,"Or, as the software engineer Gorgi Kosev just put it on X, “[LLMs] are decent solvers of already solved problems, indeed.” If we want to get to AGI, we’ll need to do a lot better."
theme3_4d4764672c3e,cluster2_ee1653a75e3b,agi,normative,2025-06-17,2025-06-17,1,untestable,high,2026-03-02,Normative claim about what is required for AGI (abstraction/compositionality) lacks agreed operational test and deadline.,https://openai.com/index/introducing-gpt-5/,AGI should be a step forward; in many cases LLMs are a step backwards.
theme3_4d4764672c3e,cluster2_fa857ee2ad66,agi,normative,2025-07-03,2025-07-03,1,untestable,high,2026-03-02,Normative claim about what is required for AGI (abstraction/compositionality) lacks agreed operational test and deadline.,https://openai.com/index/introducing-gpt-5/,"AGI shouldn’t be about perfectly replicating a human, it should (as I have often said) be about combining the best of both worlds, human adaptiveness with computational brute force and reliability."
theme3_4d4764672c3e,cluster2_f269fe7319c5,agi,normative,2025-09-11,2025-09-11,1,untestable,high,2026-03-02,Normative claim about what is required for AGI (abstraction/compositionality) lacks agreed operational test and deadline.,https://openai.com/index/introducing-gpt-5/,"And all this from a company thought (or claimed) that GPT-5 was going to be tantamount to AGI (spoiler alert: it wasn’t) For good measure Oracle doesn’t have the chips they would need to fulfill the contracts, or even the cash to buy them."
theme3_4d4764672c3e,cluster2_deee550407e3,agi,normative,2025-11-18,2025-11-18,1,untestable,high,2026-03-02,Normative claim about what is required for AGI (abstraction/compositionality) lacks agreed operational test and deadline.,https://openai.com/index/introducing-gpt-5/,"Not long ago an Atari 2600 (released in 1977, available for $55 on ebay, running an 1.19 MhZ 8-bit CPU, no GPU) beat ChatGPT . § Inducing the rules of chess should be table stakes for AGI."
theme3_4d4764672c3e,cluster2_77298d5b3f7c,agi,normative,2025-11-21,2025-11-21,1,untestable,high,2026-03-02,Normative claim about what is required for AGI (abstraction/compositionality) lacks agreed operational test and deadline.,https://openai.com/index/introducing-gpt-5/,"The widely-discussed AI 2027 scenario, named-checked by Vice President Vance , lauded by The New York Times, and panned by me —you know the one in which AGI is reached in 2027 and in short order kills us all—has officially been postponed, by its co-creator: The White House Senior Policy Advisor Sriram Krishnan took note, and is frankly pissed that he was sold a bill of goods: In reality, the problems with the report should have been clear at the time."
theme3_7d22014cb9c1,cluster2_54d1904d91ce,openai,predictive,2023-10-17,2023-10-17,1,mixed,medium,2026-03-02,"GPT-5 was released (not deferred indefinitely) and OpenAI valuation remained high, which conflicts with strong near-term deflation scenarios; broader governance skepticism remains partly interpretive.",https://openai.com/index/introducing-gpt-5/;https://openai.com/our-structure/;https://openai.com/foundation/,"If Yann LeCun and I are correct, AI will need genuinely new paradigms to get to the next level in AI, and OpenAI may be no closer to that than anyone else. § If GPT-5 did fail to please, or even if it were just deferred indefinitely (like so many promises that have been about driverless cars), it could have a rapid, deflationary effect on sky-high valuations."
theme3_7d22014cb9c1,cluster2_4ccb1c9af8b9,openai,predictive,2023-11-17,2023-11-17,1,mixed,medium,2026-03-02,"GPT-5 was released (not deferred indefinitely) and OpenAI valuation remained high, which conflicts with strong near-term deflation scenarios; broader governance skepticism remains partly interpretive.",https://openai.com/index/introducing-gpt-5/;https://openai.com/our-structure/;https://openai.com/foundation/,"Coming from Gates, this is a big deal, since Gates probably has access to drafts of GPT-5, given that he still owns a lot of Microsoft which owns a lot of OpenAI. § I will confess that I found all of this to be more than a little bit vindicating; I am human after all."
theme3_7d22014cb9c1,cluster2_4e56549220ea,openai,predictive,2024-01-27,2024-01-27,1,mixed,medium,2026-03-02,"GPT-5 was released (not deferred indefinitely) and OpenAI valuation remained high, which conflicts with strong near-term deflation scenarios; broader governance skepticism remains partly interpretive.",https://openai.com/index/introducing-gpt-5/;https://openai.com/our-structure/;https://openai.com/foundation/,"It’s also worth noting that OpenAI is not alone is all of this; many other generative AI companies are likely to encounter intense legal and public pressure this year, around potential cases of copyright infringement."
theme3_7d22014cb9c1,cluster2_d0519865ab11,openai,predictive,2024-02-04,2024-02-04,1,mixed,medium,2026-03-02,"GPT-5 was released (not deferred indefinitely) and OpenAI valuation remained high, which conflicts with strong near-term deflation scenarios; broader governance skepticism remains partly interpretive.",https://openai.com/index/introducing-gpt-5/;https://openai.com/our-structure/;https://openai.com/foundation/,"Certainly OpenAI has in no way proven that there is not an important positive relationship between LLM access and capacity to design bioweapons, even if you bought the Bonferonni argument, which you shouldn’t. § OpenAI also performed what I will call a threshold analysis, in which they focus only on people who get at least 8 of 10 correct."
theme3_7d22014cb9c1,cluster2_ed076d0718c5,openai,predictive,2024-02-11,2024-02-11,1,mixed,medium,2026-03-02,"GPT-5 was released (not deferred indefinitely) and OpenAI valuation remained high, which conflicts with strong near-term deflation scenarios; broader governance skepticism remains partly interpretive.",https://openai.com/index/introducing-gpt-5/;https://openai.com/our-structure/;https://openai.com/foundation/,"I know the fantasy here is generative AI will make the whole pie vastly bigger, as far as I can tell running it is so costly OpenAI hasn’t yet even turned a profit."
theme3_7d22014cb9c1,cluster2_78181e1324f1,openai,predictive,2024-03-31,2024-03-31,1,mixed,medium,2026-03-02,"GPT-5 was released (not deferred indefinitely) and OpenAI valuation remained high, which conflicts with strong near-term deflation scenarios; broader governance skepticism remains partly interpretive.",https://openai.com/index/introducing-gpt-5/;https://openai.com/our-structure/;https://openai.com/foundation/,"So here is my prediction: If OpenAI manages to put out a truly mindblowing GPT-5 this year, the hype will further increase; the bubble won’t burst soon (even if the use cases to justify it aren’t really there)."
theme3_7d22014cb9c1,cluster2_51054f5db7aa,openai,predictive,2024-05-05,2024-05-05,1,mixed,medium,2026-03-02,"GPT-5 was released (not deferred indefinitely) and OpenAI valuation remained high, which conflicts with strong near-term deflation scenarios; broader governance skepticism remains partly interpretive.",https://openai.com/index/introducing-gpt-5/;https://openai.com/our-structure/;https://openai.com/foundation/,"One might also wonder whether AI will genuinely create abundance, longevity, etc, and further whether Generative AI, the only form of AI that OpenAI happens to specialize in, will play a material role in such advances."
theme3_7d22014cb9c1,cluster2_a6e467bb6987,openai,predictive,2024-05-05,2024-05-05,1,mixed,medium,2026-03-02,"GPT-5 was released (not deferred indefinitely) and OpenAI valuation remained high, which conflicts with strong near-term deflation scenarios; broader governance skepticism remains partly interpretive.",https://openai.com/index/introducing-gpt-5/;https://openai.com/our-structure/;https://openai.com/foundation/,"They might worry that people will lose their jobs, and their sense of well-being; they might worry that the tools of AI might be misused for nefarious purposes, as OpenAI themselves detailed at great length in the 60 page GPT-4 System Card ."
theme3_7d22014cb9c1,cluster2_b0152b5d1e71,openai,predictive,2024-08-06,2024-08-06,1,mixed,medium,2026-03-02,"GPT-5 was released (not deferred indefinitely) and OpenAI valuation remained high, which conflicts with strong near-term deflation scenarios; broader governance skepticism remains partly interpretive.",https://openai.com/index/introducing-gpt-5/;https://openai.com/our-structure/;https://openai.com/foundation/,"(Brockman’s extended leave shocks me the most.) The board, which basically said it couldn’t trust Sam, may have had a point. § I said it before, and I will say it again: OpenAI could wind up being seen as the WeWork of AI."
theme3_7d22014cb9c1,cluster2_2578113b4e2e,openai,predictive,2024-09-12,2024-09-12,1,mixed,medium,2026-03-02,"GPT-5 was released (not deferred indefinitely) and OpenAI valuation remained high, which conflicts with strong near-term deflation scenarios; broader governance skepticism remains partly interpretive.",https://openai.com/index/introducing-gpt-5/;https://openai.com/our-structure/;https://openai.com/foundation/,"I promise it will all come together in a moment. ¶ OpenAI’s latest, GPT o1, code named Strawberry, came out .."
theme3_7d22014cb9c1,cluster2_0a0af98cec93,openai,predictive,2024-10-05,2024-10-05,1,mixed,medium,2026-03-02,"GPT-5 was released (not deferred indefinitely) and OpenAI valuation remained high, which conflicts with strong near-term deflation scenarios; broader governance skepticism remains partly interpretive.",https://openai.com/index/introducing-gpt-5/;https://openai.com/our-structure/;https://openai.com/foundation/,"We have been told that AI will “solve physics” (per Sam Altman), make major breakthroughs in medicine, battery technology, etc, but so far none of that has materialized."
theme3_7d22014cb9c1,cluster2_cc88222ba771,openai,predictive,2024-10-30,2024-10-30,1,mixed,medium,2026-03-02,"GPT-5 was released (not deferred indefinitely) and OpenAI valuation remained high, which conflicts with strong near-term deflation scenarios; broader governance skepticism remains partly interpretive.",https://openai.com/index/introducing-gpt-5/;https://openai.com/our-structure/;https://openai.com/foundation/,"It’s just fantasy to imagine selling 200 times as many humanoid robots in the nearish term when nobody knows how to build a single safe, reliable, generally useful humanoid right now, at any price.” At the same venue, Elon Musk said confidently (after acknowledging that the future that is not fully knowable), “ I feel comfortable saying that that AI is getting 10 times better each year ” – never specifying any measure that supports this claim (is OpenAI’s o1 100 times better than GPT4?"
theme3_7d22014cb9c1,cluster2_3af7213a335f,openai,predictive,2025-01-22,2025-01-22,1,mixed,medium,2026-03-02,"GPT-5 was released (not deferred indefinitely) and OpenAI valuation remained high, which conflicts with strong near-term deflation scenarios; broader governance skepticism remains partly interpretive.",https://openai.com/index/introducing-gpt-5/;https://openai.com/our-structure/;https://openai.com/foundation/,"Like a lot of what Sam says, this is based on the conjecture, or in this case multiple conjectures: The entirely speculative conjecture that LLMs or something else OpenAI figures out how to be build will be enormously profitable."
theme3_7d22014cb9c1,cluster2_3a30a47e741b,openai,predictive,2025-01-26,2025-01-26,1,mixed,medium,2026-03-02,"GPT-5 was released (not deferred indefinitely) and OpenAI valuation remained high, which conflicts with strong near-term deflation scenarios; broader governance skepticism remains partly interpretive.",https://openai.com/index/introducing-gpt-5/;https://openai.com/our-structure/;https://openai.com/foundation/,"GPT-5 or a similarly impressive model will come eventually, perhaps led by OpenAI, a Chinese company, or maybe a competitor like Google will get there first."
theme3_7d22014cb9c1,cluster2_ea98392d5e11,openai,predictive,2025-02-13,2025-02-13,1,mixed,medium,2026-03-02,"GPT-5 was released (not deferred indefinitely) and OpenAI valuation remained high, which conflicts with strong near-term deflation scenarios; broader governance skepticism remains partly interpretive.",https://openai.com/index/introducing-gpt-5/;https://openai.com/our-structure/;https://openai.com/foundation/,"Instead, OpenAI will be throwing the kitchen sink at future efforts to build GPT-5 , including “test-time-compute”, a new approach that involves longer, more expensive inference times rather than “constant time inference” of GPT-4-like models, as well as (I suspect) massive amounts of synthetic data, which appears to work better for semi-closed domains like math and coding than in the open-ended real world."
theme3_7d22014cb9c1,cluster2_66b70047be4d,openai,predictive,2025-07-22,2025-07-22,1,mixed,medium,2026-03-02,"GPT-5 was released (not deferred indefinitely) and OpenAI valuation remained high, which conflicts with strong near-term deflation scenarios; broader governance skepticism remains partly interpretive.",https://openai.com/index/introducing-gpt-5/;https://openai.com/our-structure/;https://openai.com/foundation/,"Related to this, I will not be commenting on any self-reported AI competition performance results for which the methodology was not disclosed in advance of the competition."" That is to say, Tao is refusing to acknowledge (or even name) OpenAI and its accomplishment at all."
theme3_7d22014cb9c1,cluster2_962e55305f45,openai,predictive,2025-08-09,2025-08-09,1,mixed,medium,2026-03-02,"GPT-5 was released (not deferred indefinitely) and OpenAI valuation remained high, which conflicts with strong near-term deflation scenarios; broader governance skepticism remains partly interpretive.",https://openai.com/index/introducing-gpt-5/;https://openai.com/our-structure/;https://openai.com/foundation/,"On the question of “which company [will have] the best AI model at the end of August”, a Polymarket poll charted OpenAI dropping from 75% to 14% in the space of an hour ."
theme3_7d22014cb9c1,cluster2_e9ebc7772031,openai,predictive,2026-02-05,2026-02-05,1,mixed,medium,2026-03-02,"GPT-5 was released (not deferred indefinitely) and OpenAI valuation remained high, which conflicts with strong near-term deflation scenarios; broader governance skepticism remains partly interpretive.",https://openai.com/index/introducing-gpt-5/;https://openai.com/our-structure/;https://openai.com/foundation/,"My only objection is to the second part of the subheadline, “Apparent collapse of Nvidia–OpenAI tie-up raises questions about circular funding and who will bear the cost of AI’s expansion”."
theme3_7d22014cb9c1,cluster2_e7f408dc6074,openai,predictive,2026-02-08,2026-02-08,1,mixed,medium,2026-03-02,"GPT-5 was released (not deferred indefinitely) and OpenAI valuation remained high, which conflicts with strong near-term deflation scenarios; broader governance skepticism remains partly interpretive.",https://openai.com/index/introducing-gpt-5/;https://openai.com/our-structure/;https://openai.com/foundation/,"But not to Claude.”) Even Sam Altman admits that it’s funny : From what I gather, OpenAI will run some ads, too."
theme3_7d22014cb9c1,cluster2_845ab3a24e71,openai,predictive,2026-02-13,2026-02-13,1,mixed,medium,2026-03-02,"GPT-5 was released (not deferred indefinitely) and OpenAI valuation remained high, which conflicts with strong near-term deflation scenarios; broader governance skepticism remains partly interpretive.",https://openai.com/index/introducing-gpt-5/;https://openai.com/our-structure/;https://openai.com/foundation/,"Will OpenAI someday be seen as the WeWork of AI, as I have suggested several times, as far as back as late 2023 ?"
theme3_7d22014cb9c1,cluster2_4d1408b05644,openai,predictive,2026-02-27,2026-02-27,1,mixed,medium,2026-03-02,"GPT-5 was released (not deferred indefinitely) and OpenAI valuation remained high, which conflicts with strong near-term deflation scenarios; broader governance skepticism remains partly interpretive.",https://openai.com/index/introducing-gpt-5/;https://openai.com/our-structure/;https://openai.com/foundation/,"Even with Nvidia and other propping them up, I hold onto my longstanding sense that there is a good chance that OpenAI will someday be seen as the WeWork of AI."
theme3_7e94375ad3bc,cluster2_5e890507c7c2,general_ai,predictive,2024-02-21,2024-02-21,1,mixed,low,2026-03-02,"Guardrail/common-sense concerns persist, while formal regulation has advanced (e.g., EU AI Act timetable), yielding mixed directionality.",https://ai-act-service-desk.ec.europa.eu/en/ai-act/article-113;https://openai.com/index/introducing-gpt-5/,"The capacity to endow machines with the commonsense understanding of history, culture, and human values that would be required to make sensible guardrails has not. § In closing, I will repeat, perhaps not for the first time here, something prescient that Ernest Davis and I wrote at the end of Rebooting AI , on 2019: Gary Marcus keeps hoping that he will live to see an AI that is deeper than mere stochastic mimicry plus Band-Aids."
theme3_7e94375ad3bc,cluster2_d2a4ed03395c,general_ai,predictive,2024-06-07,2024-06-07,1,mixed,low,2026-03-02,"Guardrail/common-sense concerns persist, while formal regulation has advanced (e.g., EU AI Act timetable), yielding mixed directionality.",https://ai-act-service-desk.ec.europa.eu/en/ai-act/article-113;https://openai.com/index/introducing-gpt-5/,"Gary Marcus, author of the forthcoming book Taming Silicon Valley, hopes that people will eventually recognize that unregulated AI could be as foolish as — or more foolish than — unregulated explosives."
theme3_7e94375ad3bc,cluster2_9f9bfd52a4fe,general_ai,predictive,2025-04-17,2025-04-17,1,mixed,low,2026-03-02,"Guardrail/common-sense concerns persist, while formal regulation has advanced (e.g., EU AI Act timetable), yielding mixed directionality.",https://ai-act-service-desk.ec.europa.eu/en/ai-act/article-113;https://openai.com/index/introducing-gpt-5/,"Unexpected circumstances have been and continue to be the bane of contemporary AI techniques, and probably will be until there is a real revolution."
theme3_a708e869f9a5,cluster2_f1c6dadd2d05,llms,predictive,2023-02-15,2025-12-01,3,supported,high,2026-03-02,Frontier model documentation still reports non-zero hallucination/error rates and explicitly notes ongoing hallucination limitations.,https://openai.com/index/introducing-gpt-5/;https://openai.com/index/openai-o1-system-card/;https://support.anthropic.com/en/articles/8525154-claude-is-providing-incorrect-or-misleading-responses-what-s-going-on,"Fluent hallucinations will still be common , and easily induced, continuing—and in in fact escalating— the risk of large language models being used as a tool for creating plausible-sounding yet false misinformation."
theme3_a708e869f9a5,cluster2_6b29ab6a716d,llms,predictive,2023-08-20,2023-08-20,1,supported,high,2026-03-02,Frontier model documentation still reports non-zero hallucination/error rates and explicitly notes ongoing hallucination limitations.,https://openai.com/index/introducing-gpt-5/;https://openai.com/index/openai-o1-system-card/;https://support.anthropic.com/en/articles/8525154-claude-is-providing-incorrect-or-misleading-responses-what-s-going-on,"(I suggested this as an informal benchmark in 2014, see little progress) Humans can write summaries of things without hallucination ; LLMs cannot do so reliably."
theme3_a708e869f9a5,cluster2_7225e5cc81f2,llms,predictive,2025-05-05,2025-05-05,1,supported,high,2026-03-02,Frontier model documentation still reports non-zero hallucination/error rates and explicitly notes ongoing hallucination limitations.,https://openai.com/index/introducing-gpt-5/;https://openai.com/index/openai-o1-system-card/;https://support.anthropic.com/en/articles/8525154-claude-is-providing-incorrect-or-misleading-responses-what-s-going-on,"Regular readers of the newsletter will know that I have long been negatively impressed by the routine hallucinations of LLMs, and that my favorite example has involved an alleged pet chicken named Henrietta that I allegedly own: This, sent to me by a reader in 2023, is of course a hallucination."
theme3_a708e869f9a5,cluster2_f43c861495d1,llms,predictive,2025-05-05,2025-05-05,1,supported,high,2026-03-02,Frontier model documentation still reports non-zero hallucination/error rates and explicitly notes ongoing hallucination limitations.,https://openai.com/index/introducing-gpt-5/;https://openai.com/index/openai-o1-system-card/;https://support.anthropic.com/en/articles/8525154-claude-is-providing-incorrect-or-misleading-responses-what-s-going-on,Of course the systems are probabilistic; not every LLM will produce a hallucination every time.
theme3_a708e869f9a5,cluster2_cc4a8b67b4f1,llms,predictive,2025-05-22,2025-05-22,1,supported,high,2026-03-02,Frontier model documentation still reports non-zero hallucination/error rates and explicitly notes ongoing hallucination limitations.,https://openai.com/index/introducing-gpt-5/;https://openai.com/index/openai-o1-system-card/;https://support.anthropic.com/en/articles/8525154-claude-is-providing-incorrect-or-misleading-responses-what-s-going-on,"In all likelihood the hallucinations and boneheaded errors that have bedeviled LLMs since their introduction will plague agents (which are after all built on LLMs), too."
theme3_a708e869f9a5,cluster2_f75360944781,llms,predictive,2025-07-11,2025-07-11,1,supported,high,2026-03-02,Frontier model documentation still reports non-zero hallucination/error rates and explicitly notes ongoing hallucination limitations.,https://openai.com/index/introducing-gpt-5/;https://openai.com/index/openai-o1-system-card/;https://support.anthropic.com/en/articles/8525154-claude-is-providing-incorrect-or-misleading-responses-what-s-going-on,"So many customers will continue to use the model that is more prone to propagating disinformation (and o3 hallucinates even more than standard genAI models and still exhibits signs of LLM grooming, so it’s no panacea)."
theme3_a708e869f9a5,cluster2_629e75178dcd,llms,predictive,2025-12-30,2025-12-30,1,supported,high,2026-03-02,Frontier model documentation still reports non-zero hallucination/error rates and explicitly notes ongoing hallucination limitations.,https://openai.com/index/introducing-gpt-5/;https://openai.com/index/openai-o1-system-card/;https://support.anthropic.com/en/articles/8525154-claude-is-providing-incorrect-or-misleading-responses-what-s-going-on,"His prescient 2023 cartoon on what I like to call The Fishburne Effect is legend: You can follow him - and order some of his collected work — at The Marketoonist website . § And, bonus, to help prepare you to think critically about AI 2026, in an era in which everyone is wondering whether generative AI will turn out to do be a dud , here are five essays from 2025 worth reading or rereading: Why LLMs just can’t stop hallucinating ."
theme3_c5056806d534,cluster2_94e93c1522c8,tesla,predictive,2023-02-13,2023-02-13,1,unresolved,high,2026-03-02,Contains AGI-by-2029 style timeline references; deadline has not passed as of 2026-03-02.,https://openai.com/index/introducing-gpt-5/,"Elon Musk, for example, recently said that it was more likely than not that we would see AGI by 2029 ."
theme3_c5056806d534,cluster2_a1e9ea1af4cc,tesla,predictive,2023-11-05,2023-11-05,1,unresolved,high,2026-03-02,Contains AGI-by-2029 style timeline references; deadline has not passed as of 2026-03-02.,https://openai.com/index/introducing-gpt-5/,"Driver-assist (a la Tesla) with humans in the loop may well stay, occasionally causing fatal accidents, given its lack of reliability, but the idea of using your car moonlighting as a self-driving taxi is not happening this decade, maybe not even next."
theme3_c5056806d534,cluster2_6977692b60f6,tesla,predictive,2025-01-01,2025-01-01,1,unresolved,high,2026-03-02,Contains AGI-by-2029 style timeline references; deadline has not passed as of 2026-03-02.,https://openai.com/index/introducing-gpt-5/,"Predtictions made here on Christmas Day, 2022 25 Predictions for 2025 As against Elon Musk who said, in April 2024 with respect to the end of 2025 “ My guess is that we'll have AI that is smarter than any one human probably around the end of next year [ie. end of 2025]”, here my own predictions for where we will be at the end of this year: High confidence We will not see artificial general intelligence this year, despite claims by Elon Musk to the contrary."
theme3_c5056806d534,cluster2_9bdb791d848f,tesla,predictive,2025-01-20,2025-01-20,1,unresolved,high,2026-03-02,Contains AGI-by-2029 style timeline references; deadline has not passed as of 2026-03-02.,https://openai.com/index/introducing-gpt-5/,"Gary Marcus stands by his prediction that we will not see AGI in 2025, and regrets that Elon Musk didn’t take his million dollar bet ."
theme3_e8ec12058b83,cluster2_aeb9331d0864,general_ai,predictive,2024-03-10,2024-03-10,1,unresolved,medium,2026-03-02,Broad skepticism about deep learning doing 'everything' remains open-ended without concrete endpoint/metric.,https://openai.com/index/introducing-gpt-5/;https://openai.com/blog/gpt-5-system-card/,"It has flitted from fad to fad decade by decade, always promising the moon, and only occasionally delivering” Still true. “In November 2020, Hinton told MIT Technology Review that “deep learning is going to be able to do everything.” I seriously doubt it."
theme3_e8ec12058b83,cluster2_4bbfb4ff7e9a,general_ai,predictive,2024-08-01,2024-08-01,1,unresolved,medium,2026-03-02,Broad skepticism about deep learning doing 'everything' remains open-ended without concrete endpoint/metric.,https://openai.com/index/introducing-gpt-5/;https://openai.com/blog/gpt-5-system-card/,Gary Marcus has been studying natural and artificial intelligence for three decades and still lives in the hope that AI researchers will someday come to have more respect for the cognitive sciences.
theme3_e8ec12058b83,cluster2_e15a013b83e9,general_ai,predictive,2024-10-24,2024-10-24,1,unresolved,medium,2026-03-02,Broad skepticism about deep learning doing 'everything' remains open-ended without concrete endpoint/metric.,https://openai.com/index/introducing-gpt-5/;https://openai.com/blog/gpt-5-system-card/,There are some years where decades happen Some think automated AI scientists will make decades of discoveries in just years.
theme3_e8ec12058b83,cluster2_7b236f6e9099,general_ai,predictive,2025-04-02,2025-04-02,1,unresolved,medium,2026-03-02,Broad skepticism about deep learning doing 'everything' remains open-ended without concrete endpoint/metric.,https://openai.com/index/introducing-gpt-5/;https://openai.com/blog/gpt-5-system-card/,"Slightly over a decade later, I think it’s fair to say that Goostman contributed nothing of lasting value to AI."
theme3_e8ec12058b83,cluster2_3b1b97b8ccf6,general_ai,predictive,2025-05-22,2025-11-21,2,unresolved,medium,2026-03-02,Broad skepticism about deep learning doing 'everything' remains open-ended without concrete endpoint/metric.,https://openai.com/index/introducing-gpt-5/;https://openai.com/blog/gpt-5-system-card/,"The logic for their prediction that “superhuman AI over the next decade will exceed the Industrial Revolution”, though, is thin."
theme3_e8ec12058b83,cluster2_589cc88115b3,general_ai,predictive,2025-05-22,2025-05-22,1,unresolved,medium,2026-03-02,Broad skepticism about deep learning doing 'everything' remains open-ended without concrete endpoint/metric.,https://openai.com/index/introducing-gpt-5/;https://openai.com/blog/gpt-5-system-card/,"Instead, what we really have is really a thoughtful appendix with a decent argument that we might have machines for superhuman coding by 2027, juxtaposed with a main text that is a fabulous but likely fictional yarn. § At first, I liked AI 2027 anyway."
