theme3_id,status_at_eval,goalpost_shift_flag,goalpost_shift_score,qa_issues
theme3_fe6828136104,unresolved,no,0,none
theme3_1d051096961b,unresolved,no,0,none
theme3_0b7a44e78690,unresolved,no,0,none
theme3_74fdd247ed10,unresolved,no,0,none
theme3_64bd8b6d3a0f,unresolved,no,1,none
theme3_5bb7238346d7,unresolved,no,1,none
theme3_2f0d82369632,unresolved,no,0,none
theme3_1a14a35b5ae3,supported,no,0,none
theme3_d74dcfc359c8,mixed,no,0,none
theme3_1741dd2488ee,unresolved,no,0,none
theme3_e8ec12058b83,unresolved,yes,2,none
theme3_a6b68bc85bcf,unresolved,no,0,none
theme3_0d3613992fa7,unresolved,no,0,none
theme3_0b8a4f26a16f,untestable,no,0,none
theme3_174bb7f1a1a1,mixed,no,0,none
theme3_5050e9c2cf3b,mixed,no,0,none
theme3_5f90b0708be7,unresolved,no,0,none
theme3_c34d7523982e,untestable,no,0,none
theme3_f018463815f0,untestable,no,0,none
theme3_dc8619624667,unresolved,no,0,none
