theme3_id,theme_label,target_mode,claim_type_mode,category_mode,falsifiability_tier_mode,first_date,last_date,claim_occurrences,c2_clusters_merged,horizon_values,goalpost_shift_candidate_theme,goalpost_shift_flag,goalpost_shift_score,horizon_shift_type,certainty_shift,status_at_eval,confidence,as_of_date,reason,sources,representative_quote,cluster2_ids,source_urls
theme3_3c553598e33f,agi_timeline,agi,predictive,prediction,tier_2,2023-02-11,2025-12-01,41,40,2023-12-31;2025-12-31;2027-12-31;2029-12-31;near_term;this_decade,yes,yes,4,deadline_pushed_out;less_specific_over_time,hardened,unresolved,high,2026-03-02,Timeline horizon extends beyond evaluation date.,https://openai.com/index/introducing-gpt-5/,"None of the software in either of those systems has survived in modern efforts at “artificial general intelligence”, and I am not sure that LaMDA and its cousins will play any important role in the future of AI, either.",cluster2_00996b6a7f3e;cluster2_0c5017c359d6;cluster2_14691968a363;cluster2_14fdbc2d479a;cluster2_166f12ae45af;cluster2_1ab79ae4134e;cluster2_1bac5a0f886e;cluster2_40b7af64913c;cluster2_4617a30f82e1;cluster2_4d4972f710bb;cluster2_50ff030b0f90;cluster2_57f823c45a22;cluster2_6312fecddd30;cluster2_723391a7e57c;cluster2_758eb339f5b6;cluster2_8151691ce14d;cluster2_844e3ccd35b4;cluster2_84f4053d868b;cluster2_88a974fdd058;cluster2_898d77ac5aa2;cluster2_8b0d3b10ad62;cluster2_8f6a825f544c;cluster2_937a7a9ae2d6;cluster2_9aa09566059a;cluster2_9b022ceb42cf;cluster2_9b93f713b7c3;cluster2_a841bb4a554e;cluster2_b7f9f8cd3cb0;cluster2_ba4ac691cf68;cluster2_bf314b2e61c9;cluster2_bf8b39744567;cluster2_c6db08aebbaa;cluster2_cfe516d528f9;cluster2_db35293f27db;cluster2_dbd684e667a7;cluster2_e9e732acc36d;cluster2_e9fc9ecdcdf0;cluster2_f6ecd58b417b;cluster2_fc3d5f639ef5;cluster2_fccb2fae5093,https://garymarcus.substack.com/p/a-trillion-dollars-is-a-terrible;https://garymarcus.substack.com/p/agi-isnt-coming-in-2025-and-gpt-5;https://garymarcus.substack.com/p/agi-will-not-happen-in-your-lifetime;https://garymarcus.substack.com/p/breaking-openais-efforts-at-pure;https://garymarcus.substack.com/p/clarification-from-ray-kurzweil;https://garymarcus.substack.com/p/ezra-kleins-new-take-on-agi-and-why;https://garymarcus.substack.com/p/generative-ais-crippling-and-widespread;https://garymarcus.substack.com/p/gpt-5-and-irrational-exuberance;https://garymarcus.substack.com/p/gpt-5-overdue-overhyped-and-underwhelming;https://garymarcus.substack.com/p/hard-forked-casey-newtons-distorted;https://garymarcus.substack.com/p/how-china-might-crush-the-west-in;https://garymarcus.substack.com/p/how-o3-and-grok-4-accidentally-vindicated;https://garymarcus.substack.com/p/new-adventures-in-ai-hype-our-language;https://garymarcus.substack.com/p/nonsense-on-stilts;https://garymarcus.substack.com/p/o3-agi-the-art-of-the-demo-and-what;https://garymarcus.substack.com/p/openais-waterloo;https://garymarcus.substack.com/p/rethinking-driverless-cars;https://garymarcus.substack.com/p/scoop-what-former-employees-of-openai;https://garymarcus.substack.com/p/scott-alexanders-misleading-victory;https://garymarcus.substack.com/p/seven-replies-to-the-viral-apple;https://garymarcus.substack.com/p/superhuman-agi-is-not-nigh;https://garymarcus.substack.com/p/the-ai-2027-scenario-how-realistic;https://garymarcus.substack.com/p/the-race-for-ai-supremacy-is-over;https://garymarcus.substack.com/p/the-second-worst-100b-investment;https://garymarcus.substack.com/p/this-one-important-fact-about-current;https://garymarcus.substack.com/p/three-years-on-chatgpt-still-isnt;https://garymarcus.substack.com/p/top-5-reasons-openai-is-probably;https://garymarcus.substack.com/p/what-if-generative-ai-turned-out
theme3_f3ab8db480f5,agi_timeline,agi,descriptive,technical_assessment,tier_3,2023-02-15,2025-12-01,26,26,2001-12-31,no,no,0,none,hardened,unresolved,medium,2026-03-02,Downgraded from mixed for high-precision pass: claim remains too broad/ambiguous for decisive adjudication.,https://openai.com/index/introducing-gpt-5/;https://deepmind.google/models/model-cards/gemini-3-1-pro/;https://www.anthropic.com/system-cards,"But on either story, if you really were close to being first to AGI, wouldn’t you want to stick around and take a big slice of that, with as much control as possible? § My best guess?",cluster2_0a6cf70aaa95;cluster2_0d830dbdafce;cluster2_0f6dcc07312f;cluster2_412429cf39c9;cluster2_428f9bb79bce;cluster2_54f074b037ed;cluster2_570c8d4f372b;cluster2_70b37f0343d0;cluster2_7899beb3bfbc;cluster2_79b3a78c8b31;cluster2_8100f165ff27;cluster2_8d53d626658c;cluster2_9fd8983168e0;cluster2_a0cdbb21fcd4;cluster2_a6b0e52ed944;cluster2_ad2a1fc3cb59;cluster2_b3cab24a6384;cluster2_b4be7c04b93f;cluster2_b869689eb432;cluster2_b90a621af70f;cluster2_bfeb3e79e326;cluster2_d3452e638543;cluster2_db484fe405d0;cluster2_ec8b83706360;cluster2_ef9fef07411e;cluster2_fb52bb01c7fa,https://garymarcus.substack.com/p/a-knockout-blow-for-llms;https://garymarcus.substack.com/p/agi-isnt-coming-in-2025-and-gpt-5;https://garymarcus.substack.com/p/agi-versus-broad-shallow-intelligence;https://garymarcus.substack.com/p/agi-will-not-happen-in-your-lifetime;https://garymarcus.substack.com/p/breaking-gpt-5-news;https://garymarcus.substack.com/p/breaking-the-ai-2027-doomsday-scenario;https://garymarcus.substack.com/p/c39;https://garymarcus.substack.com/p/chatgpt-blows-mapmaking-101;https://garymarcus.substack.com/p/ezra-kleins-new-take-on-agi-and-why;https://garymarcus.substack.com/p/gpt-5-overdue-overhyped-and-underwhelming;https://garymarcus.substack.com/p/humans-versus-machines-the-hallucination;https://garymarcus.substack.com/p/is-agi-the-right-goal-for-ai;https://garymarcus.substack.com/p/is-microsoft-about-to-get-the-deal;https://garymarcus.substack.com/p/openais-waterloo;https://garymarcus.substack.com/p/race-statistics-and-the-persistent;https://garymarcus.substack.com/p/rethinking-driverless-cars;https://garymarcus.substack.com/p/sam-altman-thinks-that-agi-is-basically;https://garymarcus.substack.com/p/the-ai-2027-scenario-how-realistic;https://garymarcus.substack.com/p/the-sam-altman-playbook;https://garymarcus.substack.com/p/three-years-on-chatgpt-still-isnt;https://garymarcus.substack.com/p/two-years-later-deep-learning-is
theme3_7d22014cb9c1,openai_governance,openai,predictive,prediction,tier_2,2023-10-17,2026-02-27,21,21,2023-12-31;near_term,yes,yes,3,deadline_pushed_out,hardened,contradicted,medium,2026-03-02,GPT-5 launched publicly; specific deferment/failure framing is contradicted by release evidence.,https://openai.com/index/introducing-gpt-5/;https://openai.com/our-structure/,"If Yann LeCun and I are correct, AI will need genuinely new paradigms to get to the next level in AI, and OpenAI may be no closer to that than anyone else. § If GPT-5 did fail to please, or even if it were just deferred indefinitely (like so many promises that have been about driverless cars), it could have a rapid, deflationary effect on sky-high valuations.",cluster2_0a0af98cec93;cluster2_2578113b4e2e;cluster2_3a30a47e741b;cluster2_3af7213a335f;cluster2_4ccb1c9af8b9;cluster2_4d1408b05644;cluster2_4e56549220ea;cluster2_51054f5db7aa;cluster2_54d1904d91ce;cluster2_66b70047be4d;cluster2_78181e1324f1;cluster2_845ab3a24e71;cluster2_962e55305f45;cluster2_a6e467bb6987;cluster2_b0152b5d1e71;cluster2_cc88222ba771;cluster2_d0519865ab11;cluster2_e7f408dc6074;cluster2_e9ebc7772031;cluster2_ea98392d5e11;cluster2_ed076d0718c5,https://garymarcus.substack.com/p/an-epidemic-of-weirdly-precise-ai;https://garymarcus.substack.com/p/breaking-openai-is-probably-toast;https://garymarcus.substack.com/p/breaking-openais-efforts-at-pure;https://garymarcus.substack.com/p/deepmind-and-openai-achieve-imo-gold;https://garymarcus.substack.com/p/does-openais-new-financing-make-sense;https://garymarcus.substack.com/p/eric-schmidts-risky-bet-on-ai-and;https://garymarcus.substack.com/p/gary-marcus-vs-sam-altman-on-gpt;https://garymarcus.substack.com/p/gpt-5-overdue-overhyped-and-underwhelming;https://garymarcus.substack.com/p/has-sam-altman-gone-full-gary-marcus;https://garymarcus.substack.com/p/hot-take-on-an-ai-catfight;https://garymarcus.substack.com/p/is-the-great-ai-meltdown-imminent;https://garymarcus.substack.com/p/openais-got-99-problems-and-twitch;https://garymarcus.substack.com/p/seven-reasons-why-the-world-should;https://garymarcus.substack.com/p/super-bowl-matchup-anthropic-vs-openai;https://garymarcus.substack.com/p/the-openai-plot-thickens;https://garymarcus.substack.com/p/the-race-for-ai-supremacy-is-over;https://garymarcus.substack.com/p/the-sam-altman-playbook;https://garymarcus.substack.com/p/what-if-gpt-5-didnt-meet-expectations;https://garymarcus.substack.com/p/when-looked-at-carefully-openais;https://garymarcus.substack.com/p/when-will-the-genai-bubble-burst
theme3_4d4764672c3e,agi_timeline,agi,normative,policy,tier_3,2023-02-03,2025-11-21,19,19,2025-12-31;2027-12-31,yes,yes,3,deadline_pushed_out,stable,untestable,high,2026-03-02,Normative/prescriptive theme without a clear falsification condition.,https://openai.com/index/introducing-gpt-5/,"Turns out you don’t need to solve them to make beautiful pictures, or decent if error-filled conversation, but anyone who thinks we can get to AGI without solving abstraction, compositionality, and the type-token distinction is kidding themselves.",cluster2_0db3749461c6;cluster2_163730d5b373;cluster2_34f6d415ebe8;cluster2_4739eed82fa2;cluster2_4dbb9f3d81ca;cluster2_55fca8190abe;cluster2_703e2946c4e4;cluster2_77298d5b3f7c;cluster2_907c68d37d3f;cluster2_a420436653ef;cluster2_aea402b268b7;cluster2_bf22cc4b9ac3;cluster2_dcd6d67defb7;cluster2_deee550407e3;cluster2_e1bbc234ccdd;cluster2_ec7fa966de4e;cluster2_ee1653a75e3b;cluster2_f269fe7319c5;cluster2_fa857ee2ad66,https://garymarcus.substack.com/p/a-cern-for-ai-and-the-global-governance;https://garymarcus.substack.com/p/a-knockout-blow-for-llms;https://garymarcus.substack.com/p/agi-versus-broad-shallow-intelligence;https://garymarcus.substack.com/p/breaking-the-ai-2027-doomsday-scenario;https://garymarcus.substack.com/p/c39;https://garymarcus.substack.com/p/dear-elon-musk-here-are-five-things;https://garymarcus.substack.com/p/elegant-and-powerful-new-result-that;https://garymarcus.substack.com/p/end-of-an-era-openais-agi-readiness;https://garymarcus.substack.com/p/ezra-kleins-new-take-on-agi-and-why;https://garymarcus.substack.com/p/five-quick-updates-about-that-apple;https://garymarcus.substack.com/p/generative-ais-crippling-and-widespread;https://garymarcus.substack.com/p/happy-groundhog-day-the-ai-edition;https://garymarcus.substack.com/p/hard-forked-casey-newtons-distorted;https://garymarcus.substack.com/p/horse-rides-astronaut;https://garymarcus.substack.com/p/hype-anthropics-dario-amodei-the;https://garymarcus.substack.com/p/peak-bubble;https://garymarcus.substack.com/p/seven-replies-to-the-viral-apple
theme3_e1bb6980432f,reasoning_common_sense,general_ai,descriptive,technical_assessment,tier_2,2023-02-13,2026-01-06,17,17,2012-12-31,no,no,0,none,stable,unresolved,medium,2026-03-02,Theme remains open-ended or lacks a closed measurement endpoint by the as-of date.,https://openai.com/index/introducing-gpt-5/;https://openai.com/blog/gpt-5-system-card/;https://deepmind.google/models/model-cards/;https://storage.googleapis.com/deepmind-media/Model-Cards/Gemini-3-Pro-Model-Card.pdf;https://www.anthropic.com/system-cards;https://www-cdn.anthropic.com/07b2a3f9902ee19fe39a36ca638e5ae987bc64dd.pdf,"In the evaluation of computational models, I have always been careful to distinguish two questions (and would urge the fields of AI and cognitive science to do the same): Is a particular model sufficient for its engineering purpose (e.g., for reasoning about the physical world)?",cluster2_00b9b6453624;cluster2_1a315df08ad3;cluster2_2a85ac0fd642;cluster2_39324a4603a6;cluster2_45e0cfe248ec;cluster2_4739454bb728;cluster2_5f92defa1a24;cluster2_a4350b11b0b5;cluster2_a6165eb54986;cluster2_b34f371609f1;cluster2_bc3968d0a051;cluster2_cbdd5eff411c;cluster2_cdae4196aa97;cluster2_f30633127ae4;cluster2_f6b90686ec4d;cluster2_fb0cee45fb61;cluster2_fcd22bc90194,https://garymarcus.substack.com/p/ai-still-lacks-common-sense-70-years;https://garymarcus.substack.com/p/alphaproof-alphageometry-chatgpt;https://garymarcus.substack.com/p/david-beats-go-liath;https://garymarcus.substack.com/p/generative-ais-crippling-and-widespread;https://garymarcus.substack.com/p/how-o3-and-grok-4-accidentally-vindicated;https://garymarcus.substack.com/p/llms-dont-do-formal-reasoning-and;https://garymarcus.substack.com/p/marcus-goes-gaga-over-gates-clip;https://garymarcus.substack.com/p/rethinking-driverless-cars;https://garymarcus.substack.com/p/the-false-glorification-of-yann-lecun;https://garymarcus.substack.com/p/the-new-sport-of-misrepresenting;https://garymarcus.substack.com/p/this-one-important-fact-about-current;https://garymarcus.substack.com/p/what-game-over-for-the-latest-paradigm
theme3_1035472658e9,regulation_policy,regulation,normative,policy,tier_3,2022-05-29,2026-02-26,16,15,2023-12-31,no,no,0,none,stable,untestable,high,2026-03-02,Normative/prescriptive theme without a clear falsification condition.,https://openai.com/index/introducing-gpt-5/,"AI should certainly not be a slavish replica of human intelligence (which after all is flawed in its own ways, saddled with lousy memory and cognitive bias ).",cluster2_04c1fbce74d6;cluster2_731f83099a83;cluster2_7989341649ca;cluster2_7d312d251eb0;cluster2_95d9c5d2eb34;cluster2_9c0c2f55643a;cluster2_affefc0988dc;cluster2_b00ce5937280;cluster2_c48589c180ae;cluster2_ceeba577a4ba;cluster2_dbcc801b46bd;cluster2_ddb9b61cf61c;cluster2_de6a6e662920;cluster2_f99310f5d0f5;cluster2_ff478a2fa2a2,https://garymarcus.substack.com/p/america-and-probably-the-world-stands;https://garymarcus.substack.com/p/an-epic-ai-debateand-why-everyone;https://garymarcus.substack.com/p/breaking-news-scale-is-all-you-need;https://garymarcus.substack.com/p/breaking-the-ai-2027-doomsday-scenario;https://garymarcus.substack.com/p/give-me-compromise-or-give-me-chaos;https://garymarcus.substack.com/p/hinton-vs-lecun-vs-ng-vs-tegmark;https://garymarcus.substack.com/p/jane-goodall-ai-skeptic;https://garymarcus.substack.com/p/openclaw-aka-moltbot-is-everywhere;https://garymarcus.substack.com/p/the-new-science-of-alt-intelligence;https://garymarcus.substack.com/p/two-years-ago-today-in-ai-history;https://garymarcus.substack.com/p/what-if-generative-ai-turned-out;https://garymarcus.substack.com/p/when-it-comes-to-ai-policy-congress;https://garymarcus.substack.com/p/why-californias-ai-safety-bill-should
theme3_45dd29a88dd4,safety_alignment,ai_safety,descriptive,technical_assessment,tier_2,2023-04-02,2026-02-13,15,15,,no,no,0,none,hardened,mixed,medium,2026-03-02,"Safety evidence is bidirectional: capabilities/safeguards improved, but documented residual risk remains.",https://openai.com/blog/gpt-5-system-card/;https://openai.com/index/openai-o1-system-card/;https://deepmind.google/models/model-cards/gemini-3-1-pro/;https://storage.googleapis.com/deepmind-media/Model-Cards/Gemini-3-Pro-Model-Card.pdf;https://www.anthropic.com/system-cards;https://www-cdn.anthropic.com/07b2a3f9902ee19fe39a36ca638e5ae987bc64dd.pdf,A world in which cancer researchers belittled auto safety researchers (or vice versa) is not one I would want to live in.,cluster2_3f37bd7be635;cluster2_41558da79f6d;cluster2_4e7806843743;cluster2_5a53cfc710e5;cluster2_71fd5eca9313;cluster2_8a94f7693a54;cluster2_98ceee38d54f;cluster2_a9940b5175c6;cluster2_b6be51644593;cluster2_be282365bd28;cluster2_c12438e7b1b9;cluster2_c4a5c7a18664;cluster2_d0913220be49;cluster2_ddf4f73e7ad0;cluster2_f47a0206002a,https://garymarcus.substack.com/p/a-cern-for-ai-and-the-global-governance;https://garymarcus.substack.com/p/an-open-letter-to-fei-fei-li-concerning;https://garymarcus.substack.com/p/chaos-and-tension-at-openai;https://garymarcus.substack.com/p/d28;https://garymarcus.substack.com/p/disturbing-and-misleading-efforts;https://garymarcus.substack.com/p/eric-schmidts-risky-bet-on-ai-and;https://garymarcus.substack.com/p/hype-anthropics-dario-amodei-the;https://garymarcus.substack.com/p/i-am-not-afraid-of-robots-i-am-afraid;https://garymarcus.substack.com/p/irony-irony-laced-with-karma-and;https://garymarcus.substack.com/p/the-first-known-chatbot-associated;https://garymarcus.substack.com/p/top-5-reasons-why-openai-was-probably;https://garymarcus.substack.com/p/what-was-60-minutes-thinking-in-that
theme3_0fb5a9767582,reasoning_common_sense,general_ai,predictive,prediction,tier_3,2023-02-16,2025-07-15,14,13,2020-12-31;2024-12-31;2029-12-31;near_term,yes,no,1,horizon_changed,stable,unresolved,medium,2026-03-02,Theme remains open-ended or lacks a closed measurement endpoint by the as-of date.,https://openai.com/index/introducing-gpt-5/;https://openai.com/blog/gpt-5-system-card/;https://deepmind.google/models/model-cards/;https://storage.googleapis.com/deepmind-media/Model-Cards/Gemini-3-Pro-Model-Card.pdf;https://www.anthropic.com/system-cards;https://www-cdn.anthropic.com/07b2a3f9902ee19fe39a36ca638e5ae987bc64dd.pdf,"But I am cautiously optimistic that we’ll do better in the next 75, that once the hype cools off, people will finally dive deeper into neurosymbolic AI, and start to take some important steps.",cluster2_103af516986c;cluster2_1e55723bd863;cluster2_34ca700d9050;cluster2_6ed0f2af2b1c;cluster2_8068b9c730bb;cluster2_83340773ac40;cluster2_8c822a078c74;cluster2_983b856c7667;cluster2_a0cf35746917;cluster2_dcd36087260e;cluster2_dd6e2fbc424f;cluster2_f1d42f72cbb8;cluster2_f674d75649e7,https://garymarcus.substack.com/p/25-ai-predictions-for-2025-from-marcus;https://garymarcus.substack.com/p/agi-will-not-happen-in-your-lifetime;https://garymarcus.substack.com/p/ai-still-lacks-common-sense-70-years;https://garymarcus.substack.com/p/alphageometry2-impressive-accomplishment;https://garymarcus.substack.com/p/dear-elon-musk-here-are-five-things;https://garymarcus.substack.com/p/doug-lenat-1950-2023;https://garymarcus.substack.com/p/how-o3-and-grok-4-accidentally-vindicated;https://garymarcus.substack.com/p/the-latest-ai-scaling-graph-and-why;https://garymarcus.substack.com/p/which-ceo-will-be-the-last-to-see;https://garymarcus.substack.com/p/why-my-pdoom-has-risen-dramatically
theme3_051f3b425aa5,reasoning_common_sense,llms,predictive,prediction,tier_2,2023-02-15,2025-12-30,12,9,2023-12-31;within_10_years,yes,no,1,more_specific_over_time,stable,unresolved,medium,2026-03-02,Theme remains open-ended or lacks a closed measurement endpoint by the as-of date.,https://openai.com/index/introducing-gpt-5/;https://openai.com/blog/gpt-5-system-card/;https://deepmind.google/models/model-cards/;https://storage.googleapis.com/deepmind-media/Model-Cards/Gemini-3-Pro-Model-Card.pdf;https://www.anthropic.com/system-cards;https://www-cdn.anthropic.com/07b2a3f9902ee19fe39a36ca638e5ae987bc64dd.pdf,"Trustworthy, general artificial intelligence, aligned with human values, will come, when it does, from systems that are more structured, with more built-in knowledge, and will incorporate at least some degree of explicit tools for reasoning and planning, as well as explicit it knowledge, that are lacking in systems like GPT.",cluster2_1031593ed53f;cluster2_166b90afee4c;cluster2_173455421d76;cluster2_3f62528bf4cc;cluster2_927052c5ef1a;cluster2_931b102f5fdb;cluster2_a1470c8802f3;cluster2_a4b7d7f87e1c;cluster2_fc7a0fb9e93e,https://garymarcus.substack.com/p/a-knockout-blow-for-llms;https://garymarcus.substack.com/p/a-trillion-dollars-is-a-terrible;https://garymarcus.substack.com/p/agi-versus-broad-shallow-intelligence;https://garymarcus.substack.com/p/ai-cartoon-of-the-year-and-five-rereadings;https://garymarcus.substack.com/p/generative-ais-crippling-and-widespread;https://garymarcus.substack.com/p/openais-o3-and-tyler-cowens-misguided;https://garymarcus.substack.com/p/three-years-on-chatgpt-still-isnt;https://garymarcus.substack.com/p/what-to-expect-when-youre-expecting;https://garymarcus.substack.com/p/what-to-expect-when-youre-expecting-62e
theme3_6243728cd866,openai_governance,openai,descriptive,technical_assessment,tier_2,2023-09-21,2026-01-13,12,12,,no,no,0,none,hardened,contradicted,high,2026-03-02,"Specific GPT-5 pause/defer/failure framing conflicts with documented public GPT-5 release on August 7, 2025.",https://openai.com/index/introducing-gpt-5/;https://openai.com/our-structure/,"Ironically, GPT-5–which is essentially the only thing that the pause letter (if you read it carefully) actually proposed to pause— does actually seem to be on pause , if Sam Altman’s May Senate testimony meant what I think it did.",cluster2_074e22abb29c;cluster2_1495ca5fa102;cluster2_2add04f7fb36;cluster2_4f97c7f27e47;cluster2_5023e5f72ee3;cluster2_569ba24850cf;cluster2_67d51eb2dda8;cluster2_73d648280bd5;cluster2_a4480c60ffe9;cluster2_dcd45db82f67;cluster2_e87a69c65c1d;cluster2_ed7fd5513b78,https://garymarcus.substack.com/p/ai-agents-have-so-far-mostly-been;https://garymarcus.substack.com/p/august-5-2024-a-big-day-in-tech;https://garymarcus.substack.com/p/could-openais-nonprofit-be-forced;https://garymarcus.substack.com/p/evidence-that-llms-are-reaching-a;https://garymarcus.substack.com/p/hot-take-on-openais-new-gpt-4o;https://garymarcus.substack.com/p/not-consistently-candid;https://garymarcus.substack.com/p/sam-altman-thinks-that-agi-is-basically;https://garymarcus.substack.com/p/self-modern-post-parody;https://garymarcus.substack.com/p/six-months-after-the-pause-letter;https://garymarcus.substack.com/p/sora-cant-handle-the-truth;https://garymarcus.substack.com/p/the-rapid-rise-and-slow-decline-of;https://garymarcus.substack.com/p/three-years-on-chatgpt-still-isnt
theme3_1153785f29bf,safety_alignment,ai_safety,predictive,prediction,tier_3,2023-02-16,2026-02-23,11,11,near_term,no,no,0,none,hardened,mixed,medium,2026-03-02,"Safety evidence is bidirectional: capabilities/safeguards improved, but documented residual risk remains.",https://openai.com/blog/gpt-5-system-card/;https://openai.com/index/openai-o1-system-card/;https://deepmind.google/models/model-cards/gemini-3-1-pro/;https://storage.googleapis.com/deepmind-media/Model-Cards/Gemini-3-Pro-Model-Card.pdf;https://www.anthropic.com/system-cards;https://www-cdn.anthropic.com/07b2a3f9902ee19fe39a36ca638e5ae987bc64dd.pdf,"As such, I suspect we are indeed in almost perfect alignment as to the essence of the future except that we are slip sliding on the edges of these symbols.",cluster2_00cbaef0208a;cluster2_3dec21a8cf25;cluster2_4b86da1eec1b;cluster2_5620ee5cfe93;cluster2_a84b83e91e68;cluster2_a8c240732db5;cluster2_c38a5a07d625;cluster2_c69e931111d8;cluster2_f5aae2d10dd3;cluster2_f6e124c46c1e;cluster2_fb5aec239690,https://garymarcus.substack.com/p/agi-will-not-happen-in-your-lifetime;https://garymarcus.substack.com/p/d28;https://garymarcus.substack.com/p/end-of-an-era-openais-agi-readiness;https://garymarcus.substack.com/p/eric-schmidts-risky-bet-on-ai-and;https://garymarcus.substack.com/p/hard-forked-casey-newtons-distorted;https://garymarcus.substack.com/p/muddles-about-models;https://garymarcus.substack.com/p/turns-out-generative-ai-was-a-scam;https://garymarcus.substack.com/p/what-will-the-candidates-say-about;https://garymarcus.substack.com/p/why-californias-ai-safety-bill-should
theme3_843083c99dae,hallucination_misinformation,llms,descriptive,technical_assessment,tier_3,2023-02-16,2025-12-01,11,11,,no,no,1,none,softened,supported,high,2026-03-02,"Cross-vendor documentation (OpenAI, Google Gemini, Anthropic) indicates hallucinations/errors still occur, though mitigations have improved.",https://openai.com/blog/why-language-models-hallucinate/;https://openai.com/blog/gpt-5-system-card/;https://openai.com/index/openai-o1-system-card/;https://storage.googleapis.com/deepmind-media/Model-Cards/Gemini-3-Pro-Model-Card.pdf;https://support.google.com/gemini/answer/13594961;https://www.anthropic.com/system-cards;https://www-cdn.anthropic.com/07b2a3f9902ee19fe39a36ca638e5ae987bc64dd.pdf;https://support.anthropic.com/en/articles/8525154-claude-is-providing-incorrect-or-misleading-responses-what-s-going-on,"If you treat ChatGPT as a sentient being, when it clearly is not, you are misleading the public into thinking ChatGPT is sentient; rather than communicating good science, you are hyping bullshit.",cluster2_102bebbe59bf;cluster2_3dead0b718e0;cluster2_4e5114d1c6d2;cluster2_6cb83b12e457;cluster2_8f966ddd439d;cluster2_9a5bec033295;cluster2_a453bdb54efd;cluster2_ab47c3eb54b3;cluster2_badbd11aabe1;cluster2_e168741f56d0;cluster2_ef7312c16783,https://garymarcus.substack.com/p/agi-will-not-happen-in-your-lifetime;https://garymarcus.substack.com/p/deconstructing-geoffrey-hintons-weakest;https://garymarcus.substack.com/p/evidence-that-llms-are-reaching-a;https://garymarcus.substack.com/p/five-ways-in-which-the-last-3-months;https://garymarcus.substack.com/p/humans-versus-machines-the-hallucination;https://garymarcus.substack.com/p/llms-dishonest-unpredictable-and;https://garymarcus.substack.com/p/scientists-please-dont-let-your-chatbots;https://garymarcus.substack.com/p/the-long-shadow-of-gpt;https://garymarcus.substack.com/p/three-years-on-chatgpt-still-isnt;https://garymarcus.substack.com/p/two-years-later-deep-learning-is
theme3_9afbf59166e9,copyright_ip,llms,predictive,prediction,tier_1,2023-02-15,2025-07-27,11,9,2024-12-31,no,no,1,none,softened,unresolved,medium,2026-03-02,Theme remains open-ended or lacks a closed measurement endpoint by the as-of date.,https://openai.com/index/introducing-gpt-5/;https://openai.com/blog/gpt-5-system-card/;https://deepmind.google/models/model-cards/;https://storage.googleapis.com/deepmind-media/Model-Cards/Gemini-3-Pro-Model-Card.pdf;https://www.anthropic.com/system-cards;https://www-cdn.anthropic.com/07b2a3f9902ee19fe39a36ca638e5ae987bc64dd.pdf,"When it comes out, it will totally eclipse ChatGPT; it’s safe bet that even more people will be talking about it..",cluster2_0442b59d24f6;cluster2_27263f2713b8;cluster2_5d53d2d3a2f7;cluster2_757d92826cf1;cluster2_772aa0112527;cluster2_8557f81ac735;cluster2_857d1c20b38c;cluster2_d5db8cbcf963;cluster2_d7ed858e9df3,https://garymarcus.substack.com/p/25-ai-predictions-for-2025-from-marcus;https://garymarcus.substack.com/p/getting-gpt-to-work-with-external;https://garymarcus.substack.com/p/gpt-5-and-irrational-exuberance;https://garymarcus.substack.com/p/openais-got-99-problems-and-twitch;https://garymarcus.substack.com/p/the-long-shadow-of-gpt;https://garymarcus.substack.com/p/the-race-for-ai-supremacy-is-over;https://garymarcus.substack.com/p/what-to-expect-when-youre-expecting;https://garymarcus.substack.com/p/what-to-expect-when-youre-expecting-62e;https://garymarcus.substack.com/p/when-looked-at-carefully-openais
theme3_edacd814a9aa,hallucination_misinformation,ai_safety,predictive,prediction,tier_3,2023-02-14,2026-01-06,11,9,near_term,no,no,1,none,softened,supported,high,2026-03-02,"Cross-vendor documentation (OpenAI, Google Gemini, Anthropic) indicates hallucinations/errors still occur, though mitigations have improved.",https://openai.com/blog/why-language-models-hallucinate/;https://openai.com/blog/gpt-5-system-card/;https://openai.com/index/openai-o1-system-card/;https://storage.googleapis.com/deepmind-media/Model-Cards/Gemini-3-Pro-Model-Card.pdf;https://support.google.com/gemini/answer/13594961;https://www.anthropic.com/system-cards;https://www-cdn.anthropic.com/07b2a3f9902ee19fe39a36ca638e5ae987bc64dd.pdf;https://support.anthropic.com/en/articles/8525154-claude-is-providing-incorrect-or-misleading-responses-what-s-going-on,"If you don’t get a handle on the sea of misinformation, Twitter will drown in it.",cluster2_1450ca8b3a7c;cluster2_26e0189a6f88;cluster2_3b04ea466293;cluster2_5dca83675b2f;cluster2_841e64316024;cluster2_94de974940cc;cluster2_9a302b9fca86;cluster2_f92debba6b2a;cluster2_f9e714f7e044,https://garymarcus.substack.com/p/automatic-disinformation-threatens;https://garymarcus.substack.com/p/bravo-elonmusk-for-wanting-twitter;https://garymarcus.substack.com/p/dont-look-up-the-ai-edition;https://garymarcus.substack.com/p/inside-the-heart-of-chatgpts-darkness;https://garymarcus.substack.com/p/is-it-time-to-hit-the-pause-button;https://garymarcus.substack.com/p/should-we-worry-more-about-short;https://garymarcus.substack.com/p/six-months-after-the-pause-letter;https://garymarcus.substack.com/p/three-years-on-chatgpt-still-isnt;https://garymarcus.substack.com/p/what-to-expect-when-youre-expecting;https://garymarcus.substack.com/p/what-to-expect-when-youre-expecting-62e;https://garymarcus.substack.com/p/why-chatgpt-cant-be-trusted-with
theme3_0572199dc099,reasoning_common_sense,general_ai,normative,policy,tier_3,2023-02-11,2026-02-14,10,8,2016-12-31;2022-12-31,yes,yes,3,deadline_pushed_out,hardened,untestable,high,2026-03-02,Normative/prescriptive theme without a clear falsification condition.,https://openai.com/index/introducing-gpt-5/,"Ernie Davis and I pushed this idea in Rebooting AI; Brachmann and Levesque do even better here in the beautiful pass in their new book Machines Like Us, outlining what a minimal kernel of commonsense for an AI might look like : Humans know these things; if AI’s are to understand language, they should refract language through this sort basic understanding of common sense, rather than needlessly starting as blank slates and acquiring statistics without concepts.",cluster2_19e8b2680f29;cluster2_29a85a7a0dc7;cluster2_39a67cebaa8b;cluster2_58b81190bb46;cluster2_666fe4856715;cluster2_897356579f46;cluster2_d3981a54e2ae;cluster2_e8f5b74f7c7b,https://garymarcus.substack.com/p/decoding-and-debunking-hard-forks;https://garymarcus.substack.com/p/five-ways-in-which-the-last-3-months;https://garymarcus.substack.com/p/how-o3-and-grok-4-accidentally-vindicated;https://garymarcus.substack.com/p/noam-chomsky-and-gpt-3;https://garymarcus.substack.com/p/nobel-prizes-and-the-ai-hype-hall;https://garymarcus.substack.com/p/race-statistics-and-the-persistent;https://garymarcus.substack.com/p/the-desperate-race-to-save-generative;https://garymarcus.substack.com/p/we-urgently-need-a-federal-law-forbidding;https://garymarcus.substack.com/p/what-was-60-minutes-thinking-in-that
theme3_0645fb99675a,copyright_ip,general_ai,descriptive,technical_assessment,tier_2,2022-05-29,2025-07-15,10,10,2019-12-31,no,no,0,none,hardened,unresolved,medium,2026-03-02,Theme remains open-ended or lacks a closed measurement endpoint by the as-of date.,https://openai.com/index/introducing-gpt-5/;https://openai.com/blog/gpt-5-system-card/;https://deepmind.google/models/model-cards/;https://storage.googleapis.com/deepmind-media/Model-Cards/Gemini-3-Pro-Model-Card.pdf;https://www.anthropic.com/system-cards;https://www-cdn.anthropic.com/07b2a3f9902ee19fe39a36ca638e5ae987bc64dd.pdf,"(“Philosophy about symbols isn’t [needed]” is perhaps a rebuttal to my long-standing campaign to integrate symbol-manipulation into cognitive science and AI , recently resumed in Nautilus Magazine , though the argument is not fully spelled out.",cluster2_24202599a360;cluster2_523c4b92c841;cluster2_639d1d6870dc;cluster2_6e6cf4fa038b;cluster2_8c1d9800c957;cluster2_904ba2ea1010;cluster2_d5362b9b5fab;cluster2_e2b89e2a07b2;cluster2_eafd8cc6a66d;cluster2_f3f3dd741039,https://garymarcus.substack.com/p/could-gpt-5-revolutionize-military;https://garymarcus.substack.com/p/muddles-about-models;https://garymarcus.substack.com/p/openais-got-99-problems-and-twitch;https://garymarcus.substack.com/p/sub-optimal;https://garymarcus.substack.com/p/the-new-science-of-alt-intelligence;https://garymarcus.substack.com/p/the-race-for-ai-supremacy-is-over;https://garymarcus.substack.com/p/what-does-meta-ais-diplomacy-winning;https://garymarcus.substack.com/p/why-my-pdoom-has-risen-dramatically
theme3_1229d1997f18,market_hype_bubble,llms,predictive,prediction,tier_2,2023-09-27,2025-08-20,9,8,2019-12-31;2025-12-31,yes,yes,3,deadline_pushed_out,stable,unresolved,medium,2026-03-02,Theme remains open-ended or lacks a closed measurement endpoint by the as-of date.,https://openai.com/index/introducing-gpt-5/,"I have no doubt, of course, that some AI companies will eventually merit these stratospheric valuations, but I am not convinced that a pure LLM play ever will.",cluster2_1323f7037f0d;cluster2_2cf7cf24caf4;cluster2_38cdda4c5a76;cluster2_503f6068e63d;cluster2_6febf436d423;cluster2_7a678d1ee722;cluster2_890c1bdf9999;cluster2_d12730d68eb5,https://garymarcus.substack.com/p/alphaproof-alphageometry-chatgpt;https://garymarcus.substack.com/p/are-llms-starting-to-become-a-sentient;https://garymarcus.substack.com/p/confirmed-llms-have-indeed-reached;https://garymarcus.substack.com/p/everything-i-warned-about-in-taming;https://garymarcus.substack.com/p/evidence-that-llms-are-reaching-a;https://garymarcus.substack.com/p/is-this-the-moment-when-the-generative;https://garymarcus.substack.com/p/openais-got-99-problems-and-twitch;https://garymarcus.substack.com/p/top-5-reasons-openai-is-probably;https://garymarcus.substack.com/p/why-the-collapse-of-the-generative
theme3_696ea994cd91,safety_alignment,ai_safety,causal,prediction,tier_2,2023-08-27,2025-06-23,9,9,2027-12-31,no,no,0,none,stable,mixed,medium,2026-03-02,"Safety evidence is bidirectional: capabilities/safeguards improved, but documented residual risk remains.",https://openai.com/blog/gpt-5-system-card/;https://openai.com/index/openai-o1-system-card/;https://deepmind.google/models/model-cards/gemini-3-1-pro/;https://storage.googleapis.com/deepmind-media/Model-Cards/Gemini-3-Pro-Model-Card.pdf;https://www.anthropic.com/system-cards;https://www-cdn.anthropic.com/07b2a3f9902ee19fe39a36ca638e5ae987bc64dd.pdf,I do think there is a lot of risk that AI will cause chaos.,cluster2_1c799239d026;cluster2_42f5efa41493;cluster2_54733ae89498;cluster2_65f1bb9b3c04;cluster2_820bc8cd73a0;cluster2_cf0f534ef0af;cluster2_e928a0fa527f;cluster2_f2424b3bcf86;cluster2_f38689a0141c,https://garymarcus.substack.com/p/an-open-letter-to-fei-fei-li-concerning;https://garymarcus.substack.com/p/d28;https://garymarcus.substack.com/p/llms-dishonest-unpredictable-and;https://garymarcus.substack.com/p/the-ai-2027-scenario-how-realistic;https://garymarcus.substack.com/p/the-misguided-backlash-against-californias;https://garymarcus.substack.com/p/the-sam-altman-playbook;https://garymarcus.substack.com/p/two-visions-of-ais-future;https://garymarcus.substack.com/p/when-it-comes-to-ai-policy-congress;https://garymarcus.substack.com/p/why-californias-ai-safety-bill-should
theme3_9b38ae8cd486,safety_alignment,ai_safety,normative,policy,tier_3,2023-10-26,2025-07-15,9,8,,no,no,0,none,hardened,untestable,high,2026-03-02,Normative/prescriptive theme without a clear falsification condition.,https://openai.com/index/introducing-gpt-5/,"Period. § The other thing that should be said is that certain people are hard at work denying that there is any AI risk at all, either long term or short, such as Marc Andreessen, trying to turn the question of whether to pursue AI safety at all into a debate.",cluster2_034a6ce6a467;cluster2_56297e69c634;cluster2_75a19b92f0a4;cluster2_89ebb6abcf1d;cluster2_94774f6d908f;cluster2_99e1ebe58db6;cluster2_c16765fd0c2d;cluster2_e2101051e230,https://garymarcus.substack.com/p/25-ai-predictions-for-2025-from-marcus;https://garymarcus.substack.com/p/a-cern-for-ai-and-the-global-governance;https://garymarcus.substack.com/p/disturbing-and-misleading-efforts;https://garymarcus.substack.com/p/information-pollution-reaches-new;https://garymarcus.substack.com/p/kara-swisher-sam-altman-and-the-openai;https://garymarcus.substack.com/p/technology-review-jumps-the-shark;https://garymarcus.substack.com/p/the-misguided-backlash-against-californias;https://garymarcus.substack.com/p/why-my-pdoom-has-risen-dramatically
theme3_a708e869f9a5,hallucination_misinformation,llms,predictive,prediction,tier_1,2023-02-15,2025-12-30,9,7,2014-12-31;2023-12-31,yes,yes,4,deadline_pushed_out;less_specific_over_time,stable,supported,high,2026-03-02,"Cross-vendor documentation (OpenAI, Google Gemini, Anthropic) indicates hallucinations/errors still occur, though mitigations have improved.",https://openai.com/blog/why-language-models-hallucinate/;https://openai.com/blog/gpt-5-system-card/;https://openai.com/index/openai-o1-system-card/;https://storage.googleapis.com/deepmind-media/Model-Cards/Gemini-3-Pro-Model-Card.pdf;https://support.google.com/gemini/answer/13594961;https://www.anthropic.com/system-cards;https://www-cdn.anthropic.com/07b2a3f9902ee19fe39a36ca638e5ae987bc64dd.pdf;https://support.anthropic.com/en/articles/8525154-claude-is-providing-incorrect-or-misleading-responses-what-s-going-on,"Fluent hallucinations will still be common , and easily induced, continuing—and in in fact escalating— the risk of large language models being used as a tool for creating plausible-sounding yet false misinformation.",cluster2_629e75178dcd;cluster2_6b29ab6a716d;cluster2_7225e5cc81f2;cluster2_cc4a8b67b4f1;cluster2_f1c6dadd2d05;cluster2_f43c861495d1;cluster2_f75360944781,https://garymarcus.substack.com/p/ai-cartoon-of-the-year-and-five-rereadings;https://garymarcus.substack.com/p/bad-actors-are-grooming-llms-to-produce;https://garymarcus.substack.com/p/no-virginia-agi-is-not-imminent;https://garymarcus.substack.com/p/the-ai-2027-scenario-how-realistic;https://garymarcus.substack.com/p/three-years-on-chatgpt-still-isnt;https://garymarcus.substack.com/p/what-to-expect-when-youre-expecting;https://garymarcus.substack.com/p/what-to-expect-when-youre-expecting-62e;https://garymarcus.substack.com/p/why-do-large-language-models-hallucinate
theme3_03bbb277b41d,copyright_ip,general_ai,predictive,prediction,tier_1,2023-02-14,2026-02-10,8,8,2001-12-31;2024-12-31;2026-12-31,yes,yes,4,deadline_pushed_out;less_specific_over_time,hardened,unresolved,medium,2026-03-02,Theme remains open-ended or lacks a closed measurement endpoint by the as-of date.,https://openai.com/index/introducing-gpt-5/;https://openai.com/blog/gpt-5-system-card/;https://deepmind.google/models/model-cards/;https://storage.googleapis.com/deepmind-media/Model-Cards/Gemini-3-Pro-Model-Card.pdf;https://www.anthropic.com/system-cards;https://www-cdn.anthropic.com/07b2a3f9902ee19fe39a36ca638e5ae987bc64dd.pdf,"What aspects of Cicero’s execution architecture, training architecture, or general methodological approach will be useful if we want to build an AI that is useful for some complex interaction with people outside the closed and limited world of Diplomacy?",cluster2_0e574251b500;cluster2_17c7e772b7fb;cluster2_2f4ad17f0289;cluster2_929eb1cd2f1e;cluster2_d36f004b16c8;cluster2_f11e503ec1e8;cluster2_f1af3589377c;cluster2_fe3ae5216bca,https://garymarcus.substack.com/p/ai-layoffs-productivity-and-the-klarna;https://garymarcus.substack.com/p/could-china-devastate-the-us-without;https://garymarcus.substack.com/p/my-conversation-with-chinas-victor;https://garymarcus.substack.com/p/no-rag-is-probably-not-going-to-rescue;https://garymarcus.substack.com/p/satya-nadella-and-the-three-stages;https://garymarcus.substack.com/p/some-disconcerting-facts-about-ai;https://garymarcus.substack.com/p/two-takes-on-ai-and-the-future-of;https://garymarcus.substack.com/p/what-does-meta-ais-diplomacy-winning
theme3_5f90b0708be7,copyright_ip,llms,descriptive,capability,tier_1,2023-02-11,2026-01-12,8,8,,no,no,0,none,hardened,unresolved,medium,2026-03-02,Theme remains open-ended or lacks a closed measurement endpoint by the as-of date.,https://openai.com/index/introducing-gpt-5/;https://openai.com/blog/gpt-5-system-card/;https://deepmind.google/models/model-cards/;https://storage.googleapis.com/deepmind-media/Model-Cards/Gemini-3-Pro-Model-Card.pdf;https://www.anthropic.com/system-cards;https://www-cdn.anthropic.com/07b2a3f9902ee19fe39a36ca638e5ae987bc64dd.pdf,"A system like GPT can thus be quite capable of predicting how any given set of words might be continued; if you say “it’s a nice day; the sky is __“, GPT may well anticipate that a typical human response would be to guess that the word “blue” likely comes next—without having a basis to understand what the word blue means, or why human beings like skies that are blue.",cluster2_261a64f68d6e;cluster2_3f56151a8a5e;cluster2_4a62dbc297b4;cluster2_7ce0b0be5d60;cluster2_9d940ed37422;cluster2_ac2edae528e6;cluster2_c1d696379cc0;cluster2_c69531d1b8f0,https://garymarcus.substack.com/p/a-knockout-blow-for-llms;https://garymarcus.substack.com/p/chatgpt-at-age-two;https://garymarcus.substack.com/p/genais-day-of-reckoning-may-have;https://garymarcus.substack.com/p/lets-be-honest-generative-ai-isnt;https://garymarcus.substack.com/p/math-is-hard-if-you-are-an-llm-and;https://garymarcus.substack.com/p/noam-chomsky-and-gpt-3;https://garymarcus.substack.com/p/the-desperate-race-to-save-generative;https://garymarcus.substack.com/p/what-if-gpt-5-didnt-meet-expectations
theme3_8fe53b7d86e3,regulation_policy,regulation,predictive,prediction,tier_3,2023-02-26,2026-02-01,8,8,,no,no,0,none,stable,mixed,medium,2026-03-02,"Regulatory rollout is real (EU AI Act timetable), but many policy-effect claims remain open and jurisdiction-specific.",https://ai-act-service-desk.ec.europa.eu/en/ai-act/article-113,"Leave technology companies to their own devices, trust them to sort themselves out without any more regulations, and hope they will learn to corral their AI and find better, less chaotic ways of rolling them out.",cluster2_09289df32930;cluster2_0a4e4b67b36c;cluster2_0f1b7d917ca4;cluster2_34639c3c612b;cluster2_568908be270d;cluster2_58a81103f89e;cluster2_68ccc7882b9a;cluster2_7b5630cacd8e,https://garymarcus.substack.com/p/25-ai-predictions-for-2025-from-marcus;https://garymarcus.substack.com/p/give-me-compromise-or-give-me-chaos;https://garymarcus.substack.com/p/is-it-time-to-hit-the-pause-button;https://garymarcus.substack.com/p/is-the-white-houses-ai-policy-coherent;https://garymarcus.substack.com/p/openclaw-aka-moltbot-is-everywhere;https://garymarcus.substack.com/p/the-possibly-coming-ai-backlash-and;https://garymarcus.substack.com/p/when-it-comes-to-ai-policy-congress
theme3_cb87e9ec1415,agi_timeline,agi,causal,prediction,tier_2,2023-02-16,2025-12-23,8,8,,no,no,0,none,hardened,unresolved,medium,2026-03-02,Downgraded from mixed for high-precision pass: claim remains too broad/ambiguous for decisive adjudication.,https://openai.com/index/introducing-gpt-5/;https://deepmind.google/models/model-cards/gemini-3-1-pro/;https://www.anthropic.com/system-cards,"This seems like a really bad idea.) But we are not, per se, here to debate whether or not AGI will lead to the fall of civilization (not today, anyway); back to our original question of when it might arrive.",cluster2_17dc3911c496;cluster2_1f7c47d311dd;cluster2_228113d95d9a;cluster2_5a79c7de3e7c;cluster2_69be444f81b4;cluster2_874f173e3c1f;cluster2_b56d3d22fec9;cluster2_c7cc3adb7044,https://garymarcus.substack.com/p/agi-will-not-happen-in-your-lifetime;https://garymarcus.substack.com/p/d28;https://garymarcus.substack.com/p/ezra-kleins-new-take-on-agi-and-why;https://garymarcus.substack.com/p/how-china-might-crush-the-west-in;https://garymarcus.substack.com/p/image-generation-still-crazy-after;https://garymarcus.substack.com/p/reports-of-the-birth-of-agi-are-greatly;https://garymarcus.substack.com/p/the-second-worst-100b-investment;https://garymarcus.substack.com/p/two-takes-on-ai-and-the-future-of
theme3_331c20da7676,safety_alignment,regulation,normative,policy,tier_3,2023-02-26,2025-05-14,7,7,,no,no,0,none,hardened,untestable,high,2026-03-02,Normative/prescriptive theme without a clear falsification condition.,https://openai.com/index/introducing-gpt-5/,"The global absence of a comprehensive policy framework to ensure AI alignment - that is, safeguards to ensure an AI's function doesn't harm humans - begs for a new approach.",cluster2_0c0ca3102877;cluster2_18aed017ad77;cluster2_2419a865a75d;cluster2_27700d1cd349;cluster2_48f5e1d43718;cluster2_4a9742481539;cluster2_ceed7c66cb6e,https://garymarcus.substack.com/p/a-cern-for-ai-and-the-global-governance;https://garymarcus.substack.com/p/d28;https://garymarcus.substack.com/p/give-me-compromise-or-give-me-chaos;https://garymarcus.substack.com/p/is-it-time-to-hit-the-pause-button;https://garymarcus.substack.com/p/when-it-comes-to-ai-policy-congress;https://garymarcus.substack.com/p/why-californias-ai-safety-bill-should
theme3_64bd8b6d3a0f,agents_reliability,general_ai,predictive,capability,tier_2,2023-10-27,2025-08-03,7,6,2025-12-31;near_term,yes,no,1,horizon_changed,hardened,unresolved,medium,2026-03-02,Theme remains open-ended or lacks a closed measurement endpoint by the as-of date.,https://openai.com/index/introducing-gpt-5/;https://openai.com/blog/gpt-5-system-card/;https://deepmind.google/models/model-cards/;https://storage.googleapis.com/deepmind-media/Model-Cards/Gemini-3-Pro-Model-Card.pdf;https://www.anthropic.com/system-cards;https://www-cdn.anthropic.com/07b2a3f9902ee19fe39a36ca638e5ae987bc64dd.pdf,"We will eventually see search engines that return neatly written paragraphs, and eventually see AI agents that can organize lives.",cluster2_84ff11eec967;cluster2_b9d9b4239459;cluster2_bf7dec7e0820;cluster2_cd7b00efa88b;cluster2_d9c466e666f3;cluster2_e7782e3f32bd,https://garymarcus.substack.com/p/25-ai-predictions-for-2025-from-marcus;https://garymarcus.substack.com/p/ai-agents-have-so-far-mostly-been;https://garymarcus.substack.com/p/ai-agents-hype-versus-reality-redux;https://garymarcus.substack.com/p/ai-coding-fantasy-meets-pac-man;https://garymarcus.substack.com/p/the-ai-2027-scenario-how-realistic;https://garymarcus.substack.com/p/why-driverless-cars-mightor-might
theme3_8d9a23510bf7,openai_governance,general_ai,normative,policy,tier_3,2023-12-07,2025-11-18,7,6,,no,no,0,none,hardened,untestable,high,2026-03-02,Normative/prescriptive theme without a clear falsification condition.,https://openai.com/index/introducing-gpt-5/,"If the Board was making a step towards bringing them back to their original mission, of AI for human interest rather than for profit, we should be praising them, not burying them.",cluster2_0df0de96fe9a;cluster2_134b3eda5f2b;cluster2_2a2d2d3e0129;cluster2_324ad0fbfbf2;cluster2_6e0b8af37c4d;cluster2_c36bc50f2359,https://garymarcus.substack.com/p/confirmed-llms-have-indeed-reached;https://garymarcus.substack.com/p/disturbing-and-misleading-efforts;https://garymarcus.substack.com/p/evidence-that-llms-are-reaching-a;https://garymarcus.substack.com/p/generative-ais-crippling-and-widespread;https://garymarcus.substack.com/p/llms-coding-agents-security-nightmare;https://garymarcus.substack.com/p/not-consistently-candid
theme3_aa23f30fb332,safety_alignment,llms,predictive,prediction,tier_1,2023-02-15,2025-12-09,7,5,2022-12-31,no,no,1,less_specific_over_time,stable,mixed,medium,2026-03-02,"Safety evidence is bidirectional: capabilities/safeguards improved, but documented residual risk remains.",https://openai.com/blog/gpt-5-system-card/;https://openai.com/index/openai-o1-system-card/;https://deepmind.google/models/model-cards/gemini-3-1-pro/;https://storage.googleapis.com/deepmind-media/Model-Cards/Gemini-3-Pro-Model-Card.pdf;https://www.anthropic.com/system-cards;https://www-cdn.anthropic.com/07b2a3f9902ee19fe39a36ca638e5ae987bc64dd.pdf,"And so, against the tremendous optimism for GPT-4 that I have heard from much the AI community, here are seven dark predictions: GPT-4 will still, like its predecessors, be a bull in a china shop, reckless and hard to control .",cluster2_2e8dd3eba05d;cluster2_9b70fb170a99;cluster2_a96df6a889fe;cluster2_cb480f17ae77;cluster2_ecbbea53d4ed,https://garymarcus.substack.com/p/eric-schmidts-risky-bet-on-ai-and;https://garymarcus.substack.com/p/first-take-on-the-white-house-executive;https://garymarcus.substack.com/p/is-the-white-houses-ai-policy-coherent;https://garymarcus.substack.com/p/llms-dishonest-unpredictable-and;https://garymarcus.substack.com/p/three-years-on-chatgpt-still-isnt;https://garymarcus.substack.com/p/what-to-expect-when-youre-expecting;https://garymarcus.substack.com/p/what-to-expect-when-youre-expecting-62e
theme3_da5470fb91d7,market_hype_bubble,general_ai,predictive,industry_market,tier_3,2023-10-27,2026-01-06,7,7,2025-12-31,no,no,1,less_specific_over_time,hardened,unresolved,medium,2026-03-02,Theme remains open-ended or lacks a closed measurement endpoint by the as-of date.,https://openai.com/index/introducing-gpt-5/,"I agree that if Alphabet pull the plug, there will likely be a self-driving winter across the industry (though for now players like Aurora and Waabi may still have plenty of cash).",cluster2_25c77a574690;cluster2_2cfff3b7fbc1;cluster2_6e695ed1d096;cluster2_6f7fc09a96c4;cluster2_7a89837a0a91;cluster2_802b22d16264;cluster2_fbbd6b0d3f90,https://garymarcus.substack.com/p/genais-day-of-reckoning-may-have;https://garymarcus.substack.com/p/the-possibly-coming-ai-backlash-and;https://garymarcus.substack.com/p/what-has-and-has-not-changed-in-the;https://garymarcus.substack.com/p/when-it-comes-to-ai-policy-congress;https://garymarcus.substack.com/p/why-driverless-cars-mightor-might;https://garymarcus.substack.com/p/why-the-collapse-of-the-generative
theme3_e8ec12058b83,agi_timeline,general_ai,predictive,prediction,tier_1,2024-03-10,2025-11-21,7,6,2020-12-31;2027-12-31;within_10_years,yes,yes,2,horizon_changed,softened,unresolved,high,2026-03-02,Timeline horizon extends beyond evaluation date.,https://openai.com/index/introducing-gpt-5/,"It has flitted from fad to fad decade by decade, always promising the moon, and only occasionally delivering” Still true. “In November 2020, Hinton told MIT Technology Review that “deep learning is going to be able to do everything.” I seriously doubt it.",cluster2_3b1b97b8ccf6;cluster2_4bbfb4ff7e9a;cluster2_589cc88115b3;cluster2_7b236f6e9099;cluster2_aeb9331d0864;cluster2_e15a013b83e9,https://garymarcus.substack.com/p/ai-has-sort-of-passed-the-turing;https://garymarcus.substack.com/p/breaking-the-ai-2027-doomsday-scenario;https://garymarcus.substack.com/p/end-of-an-era-openais-agi-readiness;https://garymarcus.substack.com/p/the-ai-2027-scenario-how-realistic;https://garymarcus.substack.com/p/this-one-important-fact-about-current;https://garymarcus.substack.com/p/two-years-later-deep-learning-is
theme3_fde6def617bf,scaling_limits,agi,predictive,prediction,tier_2,2023-02-11,2025-12-01,7,4,,no,no,0,none,hardened,unresolved,medium,2026-03-02,Theme remains open-ended or lacks a closed measurement endpoint by the as-of date.,https://openai.com/index/introducing-gpt-5/;https://openai.com/blog/gpt-5-system-card/;https://deepmind.google/models/model-cards/;https://storage.googleapis.com/deepmind-media/Model-Cards/Gemini-3-Pro-Model-Card.pdf;https://www.anthropic.com/system-cards;https://www-cdn.anthropic.com/07b2a3f9902ee19fe39a36ca638e5ae987bc64dd.pdf,"Where has his steelperson aspiration gone? 1 Another rhetorical trick is to paint me as a lone, lunatic voice, as if I were the only person doubting that scaling will get us to AGI (whatever that is) when in fact there are loads of people with similar concerns.",cluster2_2524d1975b5f;cluster2_6fc67030d52c;cluster2_a4faf65c6729;cluster2_d9938251ac9e,https://garymarcus.substack.com/p/august-5-2024-a-big-day-in-tech;https://garymarcus.substack.com/p/does-ai-really-need-a-paradigm-shift;https://garymarcus.substack.com/p/marcus-goes-gaga-over-gates-clip;https://garymarcus.substack.com/p/the-great-ai-retrenchment-has-begun;https://garymarcus.substack.com/p/three-years-on-chatgpt-still-isnt;https://garymarcus.substack.com/p/what-to-expect-when-youre-expecting;https://garymarcus.substack.com/p/what-to-expect-when-youre-expecting-62e
theme3_1421096bca2e,scaling_limits,general_ai,descriptive,technical_assessment,tier_2,2023-02-11,2025-12-09,6,6,,no,no,0,none,hardened,unresolved,medium,2026-03-02,Theme remains open-ended or lacks a closed measurement endpoint by the as-of date.,https://openai.com/index/introducing-gpt-5/;https://openai.com/blog/gpt-5-system-card/;https://deepmind.google/models/model-cards/;https://storage.googleapis.com/deepmind-media/Model-Cards/Gemini-3-Pro-Model-Card.pdf;https://www.anthropic.com/system-cards;https://www-cdn.anthropic.com/07b2a3f9902ee19fe39a36ca638e5ae987bc64dd.pdf,"As Brenden Lake and Greg Murphy have put it , that’s not enough, “Current models are too strongly linked to the text-based patterns in large corpora, and too weakly linked to the desires, goals, and beliefs that people express through words.” The act of referring involves (at least) the speaker, the utterance, the context, and some properties of the external world; the interactions and dependencie s between such things simply are not present in most current AI models.",cluster2_193ea7785809;cluster2_510715dd4d30;cluster2_99732fe669f0;cluster2_a33bb1b67f02;cluster2_aa9291a8403d;cluster2_de63f02252a7,https://garymarcus.substack.com/p/an-ai-rumor-you-wont-want-to-miss;https://garymarcus.substack.com/p/are-social-media-and-coordinated;https://garymarcus.substack.com/p/game-over-for-pure-llms-even-turing;https://garymarcus.substack.com/p/is-the-white-houses-ai-policy-coherent;https://garymarcus.substack.com/p/three-ideas-from-linguistics-that;https://garymarcus.substack.com/p/what-if-generative-ai-turned-out
theme3_5bb7238346d7,reasoning_common_sense,agi,predictive,prediction,tier_1,2023-02-16,2025-08-09,6,6,2062-12-31,no,no,1,less_specific_over_time,hardened,unresolved,medium,2026-03-02,Theme remains open-ended or lacks a closed measurement endpoint by the as-of date.,https://openai.com/index/introducing-gpt-5/;https://openai.com/blog/gpt-5-system-card/;https://deepmind.google/models/model-cards/;https://storage.googleapis.com/deepmind-media/Model-Cards/Gemini-3-Pro-Model-Card.pdf;https://www.anthropic.com/system-cards;https://www-cdn.anthropic.com/07b2a3f9902ee19fe39a36ca638e5ae987bc64dd.pdf,"I expect for example that physical reasoning will improve (a radical boon for domestic robots) before psychological reasoning; there won’t be a magic day in which we say “aha AGI landed on January 27, 2062” or whatever it is.",cluster2_23e68513f1f4;cluster2_582ab5c77c5d;cluster2_ac12b937c62f;cluster2_b2f00526946c;cluster2_ee92ec4e7a8c;cluster2_f4fdda54ded8,https://garymarcus.substack.com/p/agi-will-not-happen-in-your-lifetime;https://garymarcus.substack.com/p/ezra-kleins-new-take-on-agi-and-why;https://garymarcus.substack.com/p/gpt-5-and-irrational-exuberance;https://garymarcus.substack.com/p/gpt-5-overdue-overhyped-and-underwhelming;https://garymarcus.substack.com/p/o3-agi-the-art-of-the-demo-and-what
theme3_b0820e15e283,regulation_policy,regulation,descriptive,capability,tier_2,2023-11-20,2025-12-13,6,6,,no,no,0,none,stable,mixed,medium,2026-03-02,"Regulatory rollout is real (EU AI Act timetable), but many policy-effect claims remain open and jurisdiction-specific.",https://ai-act-service-desk.ec.europa.eu/en/ai-act/article-113,"The schisms on display there highlight the fact that we cannot rely purely on the companies to self-regulate AI, wherein even their own internal governance can be deeply conflicted.",cluster2_02d29a221c41;cluster2_3957ce962c19;cluster2_4936d6eeff04;cluster2_67c020f6b6eb;cluster2_dcfeb9f67d60;cluster2_e7a75c4d7556,https://garymarcus.substack.com/p/a-deeply-implausible-premise-is-behind;https://garymarcus.substack.com/p/open-letter-to-all-eu-leaders;https://garymarcus.substack.com/p/the-desperate-race-to-save-generative;https://garymarcus.substack.com/p/the-misguided-backlash-against-californias;https://garymarcus.substack.com/p/two-visions-of-ais-future
theme3_1171c23b8fe5,openai_governance,openai,normative,policy,tier_3,2023-02-21,2024-10-24,5,3,2023-12-31,no,no,1,less_specific_over_time,hardened,untestable,high,2026-03-02,Normative/prescriptive theme without a clear falsification condition.,https://openai.com/index/introducing-gpt-5/,"Feb 2, 2023: Microsoft President Brad Smith, an attorney who was once their General Counsel, positions Microsoft as the responsible AI company , with the first boldfaced principle being “First, we must ensure that AI is built and used responsibly and ethically”, and noting “First, these issues are too important to be left to technologists alone.” Feb 6, 2023: Bing chat is released, in tandem with OpenAI, to enormous initial acclaim.",cluster2_0891c70e894b;cluster2_305ce01dd76b;cluster2_f85791e5917a,https://garymarcus.substack.com/p/end-of-an-era-openais-agi-readiness;https://garymarcus.substack.com/p/scarjo-is-just-the-tip-of-the-iceberg;https://garymarcus.substack.com/p/the-irony-and-the-agony-of-elon-musks;https://garymarcus.substack.com/p/what-did-they-know-and-when-did-they;https://garymarcus.substack.com/p/what-should-we-learn-from-openais
theme3_172e5150cd97,scaling_limits,llms,normative,policy,tier_3,2023-02-11,2025-07-13,5,5,2023-12-31,no,no,1,less_specific_over_time,hardened,untestable,high,2026-03-02,Normative/prescriptive theme without a clear falsification condition.,https://openai.com/index/introducing-gpt-5/,"E.g., if the field were to turn from simply scaling (GPT-3 is pretty much just GPT-2 but bigger) to using large language models as only one component in a larger architecture , with things like writable/readable discrete memory for symbolic propositions, I certainly think we should view that as a paradigm shift.",cluster2_00fc3649ff82;cluster2_1034bdfda6cd;cluster2_18b57218f5f0;cluster2_2d237eac5205;cluster2_3061f26a4803,https://garymarcus.substack.com/p/a-knockout-blow-for-llms;https://garymarcus.substack.com/p/confirmed-llms-have-indeed-reached;https://garymarcus.substack.com/p/does-ai-really-need-a-paradigm-shift;https://garymarcus.substack.com/p/how-o3-and-grok-4-accidentally-vindicated;https://garymarcus.substack.com/p/the-open-letter-controversy
theme3_2cc418f5064a,scaling_limits,general_ai,predictive,prediction,tier_1,2023-08-24,2025-12-20,5,5,2025-12-31,no,no,1,none,softened,unresolved,medium,2026-03-02,Theme remains open-ended or lacks a closed measurement endpoint by the as-of date.,https://openai.com/index/introducing-gpt-5/;https://openai.com/blog/gpt-5-system-card/;https://deepmind.google/models/model-cards/;https://storage.googleapis.com/deepmind-media/Model-Cards/Gemini-3-Pro-Model-Card.pdf;https://www.anthropic.com/system-cards;https://www-cdn.anthropic.com/07b2a3f9902ee19fe39a36ca638e5ae987bc64dd.pdf,"Quoting further, “Nearly 70% of respondents to the S&P Global survey said they have at least one AI project in production... but about half of those companies (31% of respondents) are still in pilot or proof-of-concept stage, outnumbering those who have reached enterprise scale with an AI project (28% of total respondents).” And of course not every enterprise-scale experiment will be successful.",cluster2_145640dc2744;cluster2_335fc42188aa;cluster2_510dee98ff76;cluster2_97b98e0a97eb;cluster2_b4313a3cfb16,https://garymarcus.substack.com/p/25-ai-predictions-for-2025-from-marcus;https://garymarcus.substack.com/p/six-or-seven-predictions-for-ai-2026;https://garymarcus.substack.com/p/the-rise-and-fall-of-chatgpt
theme3_315a8368ec1c,scaling_limits,llms,predictive,prediction,tier_2,2023-02-13,2025-07-27,5,4,within_10_years,no,no,1,less_specific_over_time,stable,unresolved,medium,2026-03-02,Theme remains open-ended or lacks a closed measurement endpoint by the as-of date.,https://openai.com/index/introducing-gpt-5/;https://openai.com/blog/gpt-5-system-card/;https://deepmind.google/models/model-cards/;https://storage.googleapis.com/deepmind-media/Model-Cards/Gemini-3-Pro-Model-Card.pdf;https://www.anthropic.com/system-cards;https://www-cdn.anthropic.com/07b2a3f9902ee19fe39a36ca638e5ae987bc64dd.pdf,"LeCun and his collaborator Browning make a strong case that language input alone (which is the kind of thing that GPT-3 is trained on) is not enough, writing an essay called AI And The Limits Of Language arguing that “A system trained on language alone will never approximate human intelligence, even if trained from now until the heat death of the universe.” But here again there’s a lack of credit.",cluster2_0c058feafc9a;cluster2_2f73455ba9d2;cluster2_37a8622daf7a;cluster2_856ccc515e34,https://garymarcus.substack.com/p/a-new-ai-scaling-law-shell-game;https://garymarcus.substack.com/p/confirmed-llms-have-indeed-reached;https://garymarcus.substack.com/p/how-new-are-yann-lecuns-new-ideas;https://garymarcus.substack.com/p/what-to-expect-when-youre-expecting;https://garymarcus.substack.com/p/what-to-expect-when-youre-expecting-62e
theme3_33ffa6bb38e1,reasoning_common_sense,llms,descriptive,technical_assessment,tier_2,2023-02-16,2025-07-13,5,5,,no,no,0,none,stable,unresolved,medium,2026-03-02,Theme remains open-ended or lacks a closed measurement endpoint by the as-of date.,https://openai.com/index/introducing-gpt-5/;https://openai.com/blog/gpt-5-system-card/;https://deepmind.google/models/model-cards/;https://storage.googleapis.com/deepmind-media/Model-Cards/Gemini-3-Pro-Model-Card.pdf;https://www.anthropic.com/system-cards;https://www-cdn.anthropic.com/07b2a3f9902ee19fe39a36ca638e5ae987bc64dd.pdf,"ChatGPT simply cannot reason well enough to to do this; as I have documented in previous essays, it has demonstrably misunderstood physics, biology, psychology, medicine, and so forth.",cluster2_0ede029933af;cluster2_1acc111c3150;cluster2_34d419139435;cluster2_9ce2b8d7c8f0;cluster2_bdefaec735b3,https://garymarcus.substack.com/p/alphaproof-alphageometry-chatgpt;https://garymarcus.substack.com/p/how-o3-and-grok-4-accidentally-vindicated;https://garymarcus.substack.com/p/scientists-please-dont-let-your-chatbots;https://garymarcus.substack.com/p/scott-alexanders-misleading-victory;https://garymarcus.substack.com/p/what-was-60-minutes-thinking-in-that
theme3_4fc5744321e5,reasoning_common_sense,agi,normative,policy,tier_3,2022-05-29,2025-12-17,5,4,,no,no,0,none,stable,untestable,high,2026-03-02,Normative/prescriptive theme without a clear falsification condition.,https://openai.com/index/introducing-gpt-5/,"The bottom line is this, something that AI once cherished but has now forgotten: If we are to build AGI, we are going to need to learn something from humans, how they reason and understand the physical world, and how they represent and acquire language and complex concepts.",cluster2_4baf3df608c6;cluster2_5e23c120516b;cluster2_6e35d15ac55b;cluster2_f4a43112a11a,https://garymarcus.substack.com/p/breaking-news-scale-is-all-you-need;https://garymarcus.substack.com/p/ezra-kleins-new-take-on-agi-and-why;https://garymarcus.substack.com/p/humans-versus-machines-the-hallucination;https://garymarcus.substack.com/p/seven-replies-to-the-viral-apple;https://garymarcus.substack.com/p/the-new-science-of-alt-intelligence
theme3_5050e9c2cf3b,safety_alignment,regulation,descriptive,technical_assessment,tier_2,2023-06-08,2026-02-01,5,5,,no,no,0,none,stable,mixed,medium,2026-03-02,"Safety evidence is bidirectional: capabilities/safeguards improved, but documented residual risk remains.",https://openai.com/blog/gpt-5-system-card/;https://openai.com/index/openai-o1-system-card/;https://deepmind.google/models/model-cards/gemini-3-1-pro/;https://storage.googleapis.com/deepmind-media/Model-Cards/Gemini-3-Pro-Model-Card.pdf;https://www.anthropic.com/system-cards;https://www-cdn.anthropic.com/07b2a3f9902ee19fe39a36ca638e5ae987bc64dd.pdf,"We would never leave the pharmaceutical industry to entirely self-regulate itself, and we shouldn’t leave AI to do so, either.",cluster2_5f80d701097a;cluster2_614bae93ae1b;cluster2_ba7cbfcacafb;cluster2_fead9e87127d;cluster2_ff49e921456d,https://garymarcus.substack.com/p/automatic-disinformation-threatens;https://garymarcus.substack.com/p/end-of-an-era-openais-agi-readiness;https://garymarcus.substack.com/p/give-me-compromise-or-give-me-chaos;https://garymarcus.substack.com/p/openclaw-aka-moltbot-is-everywhere;https://garymarcus.substack.com/p/two-models-of-ai-oversight-and-how
theme3_68780a9144b2,regulation_policy,llms,predictive,prediction,tier_2,2023-03-12,2025-11-27,5,5,,no,no,0,none,stable,mixed,medium,2026-03-02,"Regulatory rollout is real (EU AI Act timetable), but many policy-effect claims remain open and jurisdiction-specific.",https://ai-act-service-desk.ec.europa.eu/en/ai-act/article-113,"Furthermore, since this is a matter of principle, irremediable, if they improve their performance for language it only reveals more clearly their fundamental and irremediable flaws, since by the same token they will improve their performance for impossible systems.” For elaboration., see my earlier essay Chomsky and GPT-3, The Road to AI We Can Trust Noam Chomsky and GPT-3 “You can’t go to a physics conference and say: I’ve got a great theory.",cluster2_21c3d484f9ed;cluster2_50a8e9851315;cluster2_8222239b1e41;cluster2_91b8e5a6bd69;cluster2_9c1463221761,https://garymarcus.substack.com/p/caricaturing-noam-chomsky;https://garymarcus.substack.com/p/gpt-5-and-irrational-exuberance;https://garymarcus.substack.com/p/has-the-bailout-of-generative-ai;https://garymarcus.substack.com/p/the-race-for-ai-supremacy-is-over;https://garymarcus.substack.com/p/what-scaling-does-and-doesnt-buy
theme3_8f587a704cfd,hallucination_misinformation,llms,normative,policy,tier_3,2024-03-15,2026-01-06,5,5,,no,no,0,none,hardened,untestable,high,2026-03-02,Normative/prescriptive theme without a clear falsification condition.,https://openai.com/index/introducing-gpt-5/,"Here’s another blatant example: In my opinion, every article with ChatGPT remnants should be considered suspect and perhaps retracted, because hallucinations may have filtered in, and both authors and reviewers) were asleep at the switch.",cluster2_22f2430375b0;cluster2_2e7b3f41ca16;cluster2_34249504c774;cluster2_3e1007c9fc35;cluster2_76372dca5fa4,https://garymarcus.substack.com/p/facing-facts;https://garymarcus.substack.com/p/hot-take-gpt-45-is-a-nothing-burger;https://garymarcus.substack.com/p/the-exponential-enshittification;https://garymarcus.substack.com/p/three-years-on-chatgpt-still-isnt;https://garymarcus.substack.com/p/why-chatgpt-cant-be-trusted-with
theme3_b1a2bbb9ed57,safety_alignment,llms,descriptive,technical_assessment,tier_2,2023-02-14,2025-11-18,5,5,,no,no,1,none,softened,mixed,medium,2026-03-02,"Safety evidence is bidirectional: capabilities/safeguards improved, but documented residual risk remains.",https://openai.com/blog/gpt-5-system-card/;https://openai.com/index/openai-o1-system-card/;https://deepmind.google/models/model-cards/gemini-3-1-pro/;https://storage.googleapis.com/deepmind-media/Model-Cards/Gemini-3-Pro-Model-Card.pdf;https://www.anthropic.com/system-cards;https://www-cdn.anthropic.com/07b2a3f9902ee19fe39a36ca638e5ae987bc64dd.pdf,"When an LLM produces a sentence, you can't directly use that sentence to control stuff, unless you build another system to parse the sentences into actions.",cluster2_43f9d46a55b2;cluster2_7528d8d7243d;cluster2_7eeae4cad52e;cluster2_cfbcd6cd02e1;cluster2_ff903566a590,https://garymarcus.substack.com/p/generative-ais-crippling-and-widespread;https://garymarcus.substack.com/p/how-come-smart-assistants-have-virtually;https://garymarcus.substack.com/p/the-ai-2027-scenario-how-realistic;https://garymarcus.substack.com/p/top-5-reasons-why-openai-was-probably;https://garymarcus.substack.com/p/what-could-possibly-go-wrong-with
theme3_fa38c07be4e7,safety_alignment,general_ai,normative,policy,tier_3,2023-11-25,2026-02-26,5,5,2014-12-31,no,no,0,more_specific_over_time,hardened,untestable,high,2026-03-02,Normative/prescriptive theme without a clear falsification condition.,https://openai.com/index/introducing-gpt-5/,"The point of AI should not be to replicate us, but to supplement us, where we are cognitively frail (calculators are great at that! and spreadsheets! and databases!), and to pitch where we would prefer not to go, helping us, for example, with jobs that robotics call “dull, dirty, and dangerous”.",cluster2_008bc7b600e9;cluster2_04615a662780;cluster2_60a0f9ed211a;cluster2_92b7579849eb;cluster2_96ba65e917af,https://garymarcus.substack.com/p/ai-versus-the-clumsy-human-mind;https://garymarcus.substack.com/p/america-and-probably-the-world-stands;https://garymarcus.substack.com/p/an-epidemic-of-weirdly-precise-ai;https://garymarcus.substack.com/p/deepmind-and-openai-achieve-imo-gold;https://garymarcus.substack.com/p/why-my-pdoom-has-risen-dramatically
theme3_0ec6975bae97,scaling_limits,general_ai,normative,policy,tier_3,2024-09-10,2026-02-10,4,4,2025-12-31,no,no,0,more_specific_over_time,stable,untestable,high,2026-03-02,Normative/prescriptive theme without a clear falsification condition.,https://openai.com/index/introducing-gpt-5/,"You should be watching to see what the candidates plan to do about fraud and disinformation, as AI contributes to escalation in both.",cluster2_24be6bd7e57a;cluster2_605278c9f936;cluster2_d8056cd314e2;cluster2_da476509fbf6,https://garymarcus.substack.com/p/gpt-45-is-no-gpt-5;https://garymarcus.substack.com/p/grok-3-beta-in-shambles;https://garymarcus.substack.com/p/some-disconcerting-facts-about-ai;https://garymarcus.substack.com/p/what-will-the-candidates-say-about
theme3_2ea498a89294,hallucination_misinformation,general_ai,normative,policy,tier_3,2023-02-15,2026-02-25,4,4,,no,no,0,none,hardened,untestable,high,2026-03-02,Normative/prescriptive theme without a clear falsification condition.,https://openai.com/index/introducing-gpt-5/,"The core of that threat comes from the combination of three facts: • these systems are inherently unreliable, frequently making errors of both reasoning and fact, and prone to hallucination ; ask them to explain why crushed porcelain is good in breast milk , and they may tell you that “porcelain can help to balance the nutritional content of the milk, providing the infant with the nutrients they need to help grow and develop”.",cluster2_164a49e07c6c;cluster2_508dd52080f1;cluster2_80773baf99b8;cluster2_859692bfa6d7,https://garymarcus.substack.com/p/25-ai-predictions-for-2025-from-marcus;https://garymarcus.substack.com/p/ais-jurassic-park-moment;https://garymarcus.substack.com/p/casey-newton-strikes-out;https://garymarcus.substack.com/p/code-red-for-humanity
theme3_35dcaa96810a,safety_alignment,openai,predictive,prediction,tier_1,2023-11-19,2024-08-23,4,4,2019-12-31,no,no,0,more_specific_over_time,stable,mixed,medium,2026-03-02,"Safety evidence is bidirectional: capabilities/safeguards improved, but documented residual risk remains.",https://openai.com/blog/gpt-5-system-card/;https://openai.com/index/openai-o1-system-card/;https://deepmind.google/models/model-cards/gemini-3-1-pro/;https://storage.googleapis.com/deepmind-media/Model-Cards/Gemini-3-Pro-Model-Card.pdf;https://www.anthropic.com/system-cards;https://www-cdn.anthropic.com/07b2a3f9902ee19fe39a36ca638e5ae987bc64dd.pdf,They may well get their way. 4 vital questions: 👉Will the nonprofit continue to exist? 👉What checks and balances will there be? 👉Where will this leave OpenAI with respect to safety? 👉Where will this leave humanity?,cluster2_1df91ebe1fd2;cluster2_b06afaa97de9;cluster2_e0da293833a4;cluster2_ebd6844e45f6,https://garymarcus.substack.com/p/as-the-openai-world-turns-4-vital;https://garymarcus.substack.com/p/openais-got-99-problems-and-twitch;https://garymarcus.substack.com/p/openais-own-goal;https://garymarcus.substack.com/p/scoop-what-former-employees-of-openai
theme3_91c95a37e045,scaling_limits,agi,descriptive,technical_assessment,tier_3,2023-02-11,2025-06-17,4,4,,no,no,0,none,stable,unresolved,medium,2026-03-02,Theme remains open-ended or lacks a closed measurement endpoint by the as-of date.,https://openai.com/index/introducing-gpt-5/;https://openai.com/blog/gpt-5-system-card/;https://deepmind.google/models/model-cards/;https://storage.googleapis.com/deepmind-media/Model-Cards/Gemini-3-Pro-Model-Card.pdf;https://www.anthropic.com/system-cards;https://www-cdn.anthropic.com/07b2a3f9902ee19fe39a36ca638e5ae987bc64dd.pdf,"In inaccurately portraying me as a lone crusader, Alexander has not given the scaling is not enough for AGI view the “steelman” treatment that he is known for delivering.",cluster2_8856c7821143;cluster2_c02cc3bc55e0;cluster2_cc88f226a5e0;cluster2_f87f255521e1,https://garymarcus.substack.com/p/does-ai-really-need-a-paradigm-shift;https://garymarcus.substack.com/p/marcus-goes-gaga-over-gates-clip;https://garymarcus.substack.com/p/seven-replies-to-the-viral-apple;https://garymarcus.substack.com/p/soras-surreal-physics
theme3_97d445ef04e0,hallucination_misinformation,general_ai,descriptive,capability,tier_2,2023-02-13,2023-08-28,4,4,,no,no,0,none,stable,supported,high,2026-03-02,"Cross-vendor documentation (OpenAI, Google Gemini, Anthropic) indicates hallucinations/errors still occur, though mitigations have improved.",https://openai.com/blog/why-language-models-hallucinate/;https://openai.com/blog/gpt-5-system-card/;https://openai.com/index/openai-o1-system-card/;https://storage.googleapis.com/deepmind-media/Model-Cards/Gemini-3-Pro-Model-Card.pdf;https://support.google.com/gemini/answer/13594961;https://www.anthropic.com/system-cards;https://www-cdn.anthropic.com/07b2a3f9902ee19fe39a36ca638e5ae987bc64dd.pdf;https://support.anthropic.com/en/articles/8525154-claude-is-providing-incorrect-or-misleading-responses-what-s-going-on,He's done really good work in experimental psychology but he's never written a peer-reviewed paper on AI”— which is simply false.,cluster2_14234e3f0b9f;cluster2_23e996fd8041;cluster2_26c69fbd193d;cluster2_b92f970c5190,https://garymarcus.substack.com/p/how-new-are-yann-lecuns-new-ideas;https://garymarcus.substack.com/p/the-new-sport-of-misrepresenting;https://garymarcus.substack.com/p/the-us-and-china-want-different-things;https://garymarcus.substack.com/p/what-if-generative-ai-turned-out
