theme3_id,theme_label,target_mode,chatgpt_status_at_eval,chatgpt_confidence,selected_claude_cluster_id,selected_match_confidence,bridge_confidence,mapping_status,manual_review,date_overlap_days,selected_match_rationale,candidate_count,candidate_clusters
theme3_64bd8b6d3a0f,agents_reliability,general_ai,unresolved,medium,llm_agents_premature,high,high,mapped,no,647,Direct semantic match — both about LLM agent readiness/reliability,2,llm_agents_premature;llms_unreliable_for_critical_apps
theme3_7645c65073c8,agents_reliability,general_ai,unresolved,medium,llm_agents_premature,high,high,mapped,no,74,Direct semantic match — both about LLM agent readiness/reliability,2,llm_agents_premature;llms_unreliable_for_critical_apps
theme3_833be3ff31bb,agents_reliability,llms,unresolved,medium,llm_agents_premature,high,high,mapped,no,541,Direct semantic match — both about LLM agent readiness/reliability,2,llm_agents_premature;llms_unreliable_for_critical_apps
theme3_90cdb2bb15e4,agents_reliability,llms,unresolved,medium,llm_agents_premature,high,high,mapped,no,1,Direct semantic match — both about LLM agent readiness/reliability,2,llm_agents_premature;llms_unreliable_for_critical_apps
theme3_a4a7b7572183,agents_reliability,general_ai,unresolved,medium,llm_agents_premature,high,high,mapped,no,37,Direct semantic match — both about LLM agent readiness/reliability,2,llm_agents_premature;llms_unreliable_for_critical_apps
theme3_1c72faf37cd5,agi_timeline,regulation,untestable,high,agi_not_imminent,high,high,mapped,no,1,Direct match — AGI timeline skepticism,5,agi_definition_diluted;agi_not_imminent;ai_progress_not_linear;need_hybrid_neurosymbolic;scaling_wont_reach_agi
theme3_3c553598e33f,agi_timeline,agi,unresolved,high,agi_not_imminent,high,high,mapped,no,1021,Direct match — AGI timeline skepticism,5,agi_definition_diluted;agi_not_imminent;ai_progress_not_linear;need_hybrid_neurosymbolic;scaling_wont_reach_agi
theme3_4acd3c028f35,agi_timeline,meta,untestable,high,agi_not_imminent,high,high,mapped,no,1,Direct match — AGI timeline skepticism,5,agi_definition_diluted;agi_not_imminent;ai_progress_not_linear;need_hybrid_neurosymbolic;scaling_wont_reach_agi
theme3_4c6df10ac954,agi_timeline,general_ai,untestable,high,agi_not_imminent,high,high,mapped,no,0,Direct match — AGI timeline skepticism,5,agi_definition_diluted;agi_not_imminent;ai_progress_not_linear;need_hybrid_neurosymbolic;scaling_wont_reach_agi
theme3_4d4764672c3e,agi_timeline,agi,untestable,high,agi_not_imminent,high,high,mapped,no,1011,Direct match — AGI timeline skepticism,5,agi_definition_diluted;agi_not_imminent;ai_progress_not_linear;need_hybrid_neurosymbolic;scaling_wont_reach_agi
theme3_65d13d74dd78,agi_timeline,openai,untestable,high,agi_not_imminent,high,high,mapped,no,1,Direct match — AGI timeline skepticism,5,agi_definition_diluted;agi_not_imminent;ai_progress_not_linear;need_hybrid_neurosymbolic;scaling_wont_reach_agi
theme3_74fdd247ed10,agi_timeline,anthropic,unresolved,medium,agi_not_imminent,high,high,mapped,no,1,Direct match — AGI timeline skepticism,5,agi_definition_diluted;agi_not_imminent;ai_progress_not_linear;need_hybrid_neurosymbolic;scaling_wont_reach_agi
theme3_8e1a0d0af076,agi_timeline,openai,unresolved,medium,agi_not_imminent,high,high,mapped,no,1,Direct match — AGI timeline skepticism,5,agi_definition_diluted;agi_not_imminent;ai_progress_not_linear;need_hybrid_neurosymbolic;scaling_wont_reach_agi
theme3_b889360f49df,agi_timeline,anthropic,unresolved,medium,agi_not_imminent,high,high,mapped,no,1,Direct match — AGI timeline skepticism,5,agi_definition_diluted;agi_not_imminent;ai_progress_not_linear;need_hybrid_neurosymbolic;scaling_wont_reach_agi
theme3_c5056806d534,agi_timeline,tesla,unresolved,high,agi_not_imminent,high,high,mapped,no,706,Direct match — AGI timeline skepticism,5,agi_definition_diluted;agi_not_imminent;ai_progress_not_linear;need_hybrid_neurosymbolic;scaling_wont_reach_agi
theme3_cb87e9ec1415,agi_timeline,agi,unresolved,medium,agi_not_imminent,high,high,mapped,no,1042,Direct match — AGI timeline skepticism,5,agi_definition_diluted;agi_not_imminent;ai_progress_not_linear;need_hybrid_neurosymbolic;scaling_wont_reach_agi
theme3_df801cea5953,agi_timeline,openai,unresolved,high,agi_not_imminent,high,high,mapped,no,429,Direct match — AGI timeline skepticism,5,agi_definition_diluted;agi_not_imminent;ai_progress_not_linear;need_hybrid_neurosymbolic;scaling_wont_reach_agi
theme3_e8ec12058b83,agi_timeline,general_ai,unresolved,high,agi_not_imminent,high,high,mapped,no,622,Direct match — AGI timeline skepticism,5,agi_definition_diluted;agi_not_imminent;ai_progress_not_linear;need_hybrid_neurosymbolic;scaling_wont_reach_agi
theme3_f3ab8db480f5,agi_timeline,agi,unresolved,medium,agi_not_imminent,high,high,mapped,no,1021,Direct match — AGI timeline skepticism,5,agi_definition_diluted;agi_not_imminent;ai_progress_not_linear;need_hybrid_neurosymbolic;scaling_wont_reach_agi
theme3_fb1e8f4c72f2,agi_timeline,general_ai,unresolved,high,agi_not_imminent,high,high,mapped,no,1,Direct match — AGI timeline skepticism,5,agi_definition_diluted;agi_not_imminent;ai_progress_not_linear;need_hybrid_neurosymbolic;scaling_wont_reach_agi
theme3_fe6828136104,agi_timeline,microsoft,unresolved,medium,agi_not_imminent,high,high,mapped,no,1,Direct match — AGI timeline skepticism,5,agi_definition_diluted;agi_not_imminent;ai_progress_not_linear;need_hybrid_neurosymbolic;scaling_wont_reach_agi
theme3_023d31465c4a,copyright_ip,microsoft,untestable,high,ai_copyright_infringement,high,high,mapped,no,1,Direct semantic match — training data IP issues,1,ai_copyright_infringement
theme3_03bbb277b41d,copyright_ip,general_ai,unresolved,medium,ai_copyright_infringement,high,high,mapped,no,1093,Direct semantic match — training data IP issues,1,ai_copyright_infringement
theme3_0645fb99675a,copyright_ip,general_ai,unresolved,medium,ai_copyright_infringement,high,high,mapped,no,886,Direct semantic match — training data IP issues,1,ai_copyright_infringement
theme3_16706773bfe0,copyright_ip,microsoft,unresolved,medium,ai_copyright_infringement,high,high,mapped,no,1,Direct semantic match — training data IP issues,1,ai_copyright_infringement
theme3_5f90b0708be7,copyright_ip,llms,unresolved,medium,ai_copyright_infringement,high,high,mapped,no,1067,Direct semantic match — training data IP issues,1,ai_copyright_infringement
theme3_8ac582808fb4,copyright_ip,general_ai,unresolved,medium,ai_copyright_infringement,high,high,mapped,no,1,Direct semantic match — training data IP issues,1,ai_copyright_infringement
theme3_9afbf59166e9,copyright_ip,llms,unresolved,medium,ai_copyright_infringement,high,high,mapped,no,894,Direct semantic match — training data IP issues,1,ai_copyright_infringement
theme3_b9f19c78c06d,copyright_ip,llms,unresolved,medium,ai_copyright_infringement,high,high,mapped,no,1,Direct semantic match — training data IP issues,1,ai_copyright_infringement
theme3_be469008f20d,copyright_ip,meta,unresolved,medium,ai_copyright_infringement,high,high,mapped,no,1,Direct semantic match — training data IP issues,1,ai_copyright_infringement
theme3_e35c4f9a12f0,copyright_ip,general_ai,untestable,high,ai_copyright_infringement,high,high,mapped,no,1,Direct semantic match — training data IP issues,1,ai_copyright_infringement
theme3_0b8a4f26a16f,hallucination_misinformation,google,untestable,high,hallucination_unsolvable,high,high,mapped,no,1,Direct match — hallucination as persistent/architectural problem,4,ai_media_coverage_uncritical;deepfakes_threaten_democracy;hallucination_unsolvable;llms_lack_self_correction
theme3_1a14a35b5ae3,hallucination_misinformation,google,supported,high,hallucination_unsolvable,high,high,mapped,no,714,Direct match — hallucination as persistent/architectural problem,4,ai_media_coverage_uncritical;deepfakes_threaten_democracy;hallucination_unsolvable;llms_lack_self_correction
theme3_1f57bba83c5b,hallucination_misinformation,regulation,supported,high,hallucination_unsolvable,high,high,mapped,no,520,Direct match — hallucination as persistent/architectural problem,4,ai_media_coverage_uncritical;deepfakes_threaten_democracy;hallucination_unsolvable;llms_lack_self_correction
theme3_2ea498a89294,hallucination_misinformation,general_ai,untestable,high,deepfakes_threaten_democracy,high,high,mapped,no,1105,Misinformation via AI-generated content (deepfakes/disinfo),4,ai_media_coverage_uncritical;deepfakes_threaten_democracy;hallucination_unsolvable;llms_lack_self_correction
theme3_7e42adbbe8cc,hallucination_misinformation,agi,supported,high,hallucination_unsolvable,high,high,mapped,no,1,Direct match — hallucination as persistent/architectural problem,4,ai_media_coverage_uncritical;deepfakes_threaten_democracy;hallucination_unsolvable;llms_lack_self_correction
theme3_843083c99dae,hallucination_misinformation,llms,supported,high,hallucination_unsolvable,high,high,mapped,no,1020,Direct match — hallucination as persistent/architectural problem,4,ai_media_coverage_uncritical;deepfakes_threaten_democracy;hallucination_unsolvable;llms_lack_self_correction
theme3_847967e079b6,hallucination_misinformation,agi,untestable,high,hallucination_unsolvable,high,high,mapped,no,675,Direct match — hallucination as persistent/architectural problem,4,ai_media_coverage_uncritical;deepfakes_threaten_democracy;hallucination_unsolvable;llms_lack_self_correction
theme3_84ad1984d6b1,hallucination_misinformation,openai,supported,high,hallucination_unsolvable,high,high,mapped,no,737,Direct match — hallucination as persistent/architectural problem,4,ai_media_coverage_uncritical;deepfakes_threaten_democracy;hallucination_unsolvable;llms_lack_self_correction
theme3_884d8ba6d388,hallucination_misinformation,agi,supported,high,hallucination_unsolvable,high,high,mapped,no,1,Direct match — hallucination as persistent/architectural problem,4,ai_media_coverage_uncritical;deepfakes_threaten_democracy;hallucination_unsolvable;llms_lack_self_correction
theme3_8f587a704cfd,hallucination_misinformation,llms,untestable,high,hallucination_unsolvable,high,high,mapped,no,663,Direct match — hallucination as persistent/architectural problem,4,ai_media_coverage_uncritical;deepfakes_threaten_democracy;hallucination_unsolvable;llms_lack_self_correction
theme3_919f4cd32961,hallucination_misinformation,microsoft,untestable,high,hallucination_unsolvable,high,high,mapped,no,1,Direct match — hallucination as persistent/architectural problem,4,ai_media_coverage_uncritical;deepfakes_threaten_democracy;hallucination_unsolvable;llms_lack_self_correction
theme3_97d445ef04e0,hallucination_misinformation,general_ai,supported,high,deepfakes_threaten_democracy,high,high,mapped,no,197,Misinformation via AI-generated content (deepfakes/disinfo),4,ai_media_coverage_uncritical;deepfakes_threaten_democracy;hallucination_unsolvable;llms_lack_self_correction
theme3_a49d43352868,hallucination_misinformation,openai,untestable,high,hallucination_unsolvable,high,high,mapped,no,1,Direct match — hallucination as persistent/architectural problem,4,ai_media_coverage_uncritical;deepfakes_threaten_democracy;hallucination_unsolvable;llms_lack_self_correction
theme3_a708e869f9a5,hallucination_misinformation,llms,supported,high,hallucination_unsolvable,high,high,mapped,no,1050,Direct match — hallucination as persistent/architectural problem,4,ai_media_coverage_uncritical;deepfakes_threaten_democracy;hallucination_unsolvable;llms_lack_self_correction
theme3_b9eb41933dd0,hallucination_misinformation,openai,supported,high,hallucination_unsolvable,high,high,mapped,no,1,Direct match — hallucination as persistent/architectural problem,4,ai_media_coverage_uncritical;deepfakes_threaten_democracy;hallucination_unsolvable;llms_lack_self_correction
theme3_bf5474b08c03,hallucination_misinformation,ai_safety,supported,high,hallucination_unsolvable,high,high,mapped,no,984,Direct match — hallucination as persistent/architectural problem,4,ai_media_coverage_uncritical;deepfakes_threaten_democracy;hallucination_unsolvable;llms_lack_self_correction
theme3_c0445b574603,hallucination_misinformation,general_ai,supported,high,deepfakes_threaten_democracy,high,high,mapped,no,1,Misinformation via AI-generated content (deepfakes/disinfo),4,ai_media_coverage_uncritical;deepfakes_threaten_democracy;hallucination_unsolvable;llms_lack_self_correction
theme3_c20b717d1357,hallucination_misinformation,google,supported,high,hallucination_unsolvable,high,high,mapped,no,1,Direct match — hallucination as persistent/architectural problem,4,ai_media_coverage_uncritical;deepfakes_threaten_democracy;hallucination_unsolvable;llms_lack_self_correction
theme3_c34d7523982e,hallucination_misinformation,ai_safety,untestable,high,hallucination_unsolvable,high,high,mapped,no,1074,Direct match — hallucination as persistent/architectural problem,4,ai_media_coverage_uncritical;deepfakes_threaten_democracy;hallucination_unsolvable;llms_lack_self_correction
theme3_d1fa2955645a,hallucination_misinformation,llms,supported,high,hallucination_unsolvable,high,high,mapped,no,546,Direct match — hallucination as persistent/architectural problem,4,ai_media_coverage_uncritical;deepfakes_threaten_democracy;hallucination_unsolvable;llms_lack_self_correction
theme3_d9446e6d7328,hallucination_misinformation,general_ai,supported,high,deepfakes_threaten_democracy,high,high,mapped,no,534,Misinformation via AI-generated content (deepfakes/disinfo),4,ai_media_coverage_uncritical;deepfakes_threaten_democracy;hallucination_unsolvable;llms_lack_self_correction
theme3_edacd814a9aa,hallucination_misinformation,ai_safety,supported,high,hallucination_unsolvable,high,high,mapped,no,1058,Direct match — hallucination as persistent/architectural problem,4,ai_media_coverage_uncritical;deepfakes_threaten_democracy;hallucination_unsolvable;llms_lack_self_correction
theme3_f099539befa0,hallucination_misinformation,meta,supported,high,hallucination_unsolvable,high,high,mapped,no,224,Direct match — hallucination as persistent/architectural problem,4,ai_media_coverage_uncritical;deepfakes_threaten_democracy;hallucination_unsolvable;llms_lack_self_correction
theme3_1229d1997f18,market_hype_bubble,llms,unresolved,medium,genai_bubble_will_burst,high,high,mapped,no,694,Direct match — AI market bubble thesis,4,ai_hype_cycle_parallels;ai_roi_disappointing;genai_bubble_will_burst;nvidia_vulnerable
theme3_17682cba7368,market_hype_bubble,microsoft,unresolved,medium,genai_bubble_will_burst,high,high,mapped,no,1,Direct match — AI market bubble thesis,4,ai_hype_cycle_parallels;ai_roi_disappointing;genai_bubble_will_burst;nvidia_vulnerable
theme3_1844084fccbe,market_hype_bubble,llms,unresolved,medium,genai_bubble_will_burst,high,high,mapped,no,219,Direct match — AI market bubble thesis,4,ai_hype_cycle_parallels;ai_roi_disappointing;genai_bubble_will_burst;nvidia_vulnerable
theme3_1ebd4ce067d9,market_hype_bubble,llms,untestable,high,genai_bubble_will_burst,high,high,mapped,no,1,Direct match — AI market bubble thesis,4,ai_hype_cycle_parallels;ai_roi_disappointing;genai_bubble_will_burst;nvidia_vulnerable
theme3_2f0d82369632,market_hype_bubble,general_ai,unresolved,medium,genai_bubble_will_burst,high,high,mapped,no,1039,Direct match — AI market bubble thesis,4,ai_hype_cycle_parallels;ai_roi_disappointing;genai_bubble_will_burst;nvidia_vulnerable
theme3_66474188f998,market_hype_bubble,google,unresolved,medium,genai_bubble_will_burst,high,high,mapped,no,1,Direct match — AI market bubble thesis,4,ai_hype_cycle_parallels;ai_roi_disappointing;genai_bubble_will_burst;nvidia_vulnerable
theme3_afea30eb45be,market_hype_bubble,general_ai,unresolved,medium,genai_bubble_will_burst,high,high,mapped,no,532,Direct match — AI market bubble thesis,4,ai_hype_cycle_parallels;ai_roi_disappointing;genai_bubble_will_burst;nvidia_vulnerable
theme3_c36d63426d0a,market_hype_bubble,google,unresolved,medium,genai_bubble_will_burst,high,high,mapped,no,1,Direct match — AI market bubble thesis,4,ai_hype_cycle_parallels;ai_roi_disappointing;genai_bubble_will_burst;nvidia_vulnerable
theme3_d623e8944184,market_hype_bubble,general_ai,untestable,high,genai_bubble_will_burst,high,high,mapped,no,1,Direct match — AI market bubble thesis,4,ai_hype_cycle_parallels;ai_roi_disappointing;genai_bubble_will_burst;nvidia_vulnerable
theme3_da5470fb91d7,market_hype_bubble,general_ai,unresolved,medium,genai_bubble_will_burst,high,high,mapped,no,803,Direct match — AI market bubble thesis,4,ai_hype_cycle_parallels;ai_roi_disappointing;genai_bubble_will_burst;nvidia_vulnerable
theme3_1171c23b8fe5,openai_governance,openai,untestable,high,openai_wont_stay_dominant,high,high,mapped,no,612,OpenAI competitive position is core governance/trajectory theme,5,altman_overpromises;gpt5_disappointing;industry_self_regulation_fails;openai_untrustworthy;openai_wont_stay_dominant
theme3_3d0db8f9faae,openai_governance,general_ai,unresolved,medium,openai_wont_stay_dominant,high,high,mapped,no,1,OpenAI competitive position is core governance/trajectory theme,5,altman_overpromises;gpt5_disappointing;industry_self_regulation_fails;openai_untrustworthy;openai_wont_stay_dominant
theme3_6243728cd866,openai_governance,openai,contradicted,high,openai_wont_stay_dominant,high,high,mapped,no,846,OpenAI competitive position is core governance/trajectory theme,5,altman_overpromises;gpt5_disappointing;industry_self_regulation_fails;openai_untrustworthy;openai_wont_stay_dominant
theme3_7d22014cb9c1,openai_governance,openai,contradicted,medium,openai_wont_stay_dominant,high,high,mapped,no,865,OpenAI competitive position is core governance/trajectory theme,5,altman_overpromises;gpt5_disappointing;industry_self_regulation_fails;openai_untrustworthy;openai_wont_stay_dominant
theme3_855ae3bb7be1,openai_governance,llms,unresolved,medium,openai_wont_stay_dominant,high,high,mapped,no,1,OpenAI competitive position is core governance/trajectory theme,5,altman_overpromises;gpt5_disappointing;industry_self_regulation_fails;openai_untrustworthy;openai_wont_stay_dominant
theme3_8d9a23510bf7,openai_governance,general_ai,untestable,high,openai_wont_stay_dominant,high,high,mapped,no,713,OpenAI competitive position is core governance/trajectory theme,5,altman_overpromises;gpt5_disappointing;industry_self_regulation_fails;openai_untrustworthy;openai_wont_stay_dominant
theme3_b06f891704cc,openai_governance,openai,unresolved,medium,openai_wont_stay_dominant,high,high,mapped,no,73,OpenAI competitive position is core governance/trajectory theme,5,altman_overpromises;gpt5_disappointing;industry_self_regulation_fails;openai_untrustworthy;openai_wont_stay_dominant
theme3_bcade1f0ce6f,openai_governance,general_ai,unresolved,medium,openai_wont_stay_dominant,high,high,mapped,no,1,OpenAI competitive position is core governance/trajectory theme,5,altman_overpromises;gpt5_disappointing;industry_self_regulation_fails;openai_untrustworthy;openai_wont_stay_dominant
theme3_e0bf578dbd19,openai_governance,general_ai,unresolved,medium,openai_wont_stay_dominant,high,high,mapped,no,724,OpenAI competitive position is core governance/trajectory theme,5,altman_overpromises;gpt5_disappointing;industry_self_regulation_fails;openai_untrustworthy;openai_wont_stay_dominant
theme3_f122aba746fc,openai_governance,llms,unresolved,medium,openai_wont_stay_dominant,high,high,mapped,no,1,OpenAI competitive position is core governance/trajectory theme,5,altman_overpromises;gpt5_disappointing;industry_self_regulation_fails;openai_untrustworthy;openai_wont_stay_dominant
theme3_051f3b425aa5,reasoning_common_sense,llms,unresolved,medium,llms_no_real_understanding,high,high,mapped,no,1050,Lack of understanding is the mechanism behind reasoning failures,9,ai_benchmarks_misleading;generalization_failure;llms_cannot_plan;llms_cannot_reason_reliably;llms_lack_compositionality;llms_lack_self_correction;llms_lack_world_models;llms_no_real_understanding;need_hybrid_neurosymbolic
theme3_0572199dc099,reasoning_common_sense,general_ai,untestable,high,llms_no_real_understanding,high,high,mapped,no,1100,Lack of understanding is the mechanism behind reasoning failures,9,ai_benchmarks_misleading;generalization_failure;llms_cannot_plan;llms_cannot_reason_reliably;llms_lack_compositionality;llms_lack_self_correction;llms_lack_world_models;llms_no_real_understanding;need_hybrid_neurosymbolic
theme3_08ea1f8f4bfc,reasoning_common_sense,google,unresolved,medium,llms_lack_world_models,high,high,mapped,no,1,World model absence is a core reasoning/common-sense deficit,9,ai_benchmarks_misleading;generalization_failure;llms_cannot_plan;llms_cannot_reason_reliably;llms_lack_compositionality;llms_lack_self_correction;llms_lack_world_models;llms_no_real_understanding;need_hybrid_neurosymbolic
theme3_0d3613992fa7,reasoning_common_sense,llms,unresolved,medium,llms_no_real_understanding,high,high,mapped,no,735,Lack of understanding is the mechanism behind reasoning failures,9,ai_benchmarks_misleading;generalization_failure;llms_cannot_plan;llms_cannot_reason_reliably;llms_lack_compositionality;llms_lack_self_correction;llms_lack_world_models;llms_no_real_understanding;need_hybrid_neurosymbolic
theme3_0f1476ce91f4,reasoning_common_sense,openai,unresolved,medium,llms_no_real_understanding,high,high,mapped,no,526,Lack of understanding is the mechanism behind reasoning failures,9,ai_benchmarks_misleading;generalization_failure;llms_cannot_plan;llms_cannot_reason_reliably;llms_lack_compositionality;llms_lack_self_correction;llms_lack_world_models;llms_no_real_understanding;need_hybrid_neurosymbolic
theme3_0fb5a9767582,reasoning_common_sense,general_ai,unresolved,medium,llms_no_real_understanding,high,high,mapped,no,881,Lack of understanding is the mechanism behind reasoning failures,9,ai_benchmarks_misleading;generalization_failure;llms_cannot_plan;llms_cannot_reason_reliably;llms_lack_compositionality;llms_lack_self_correction;llms_lack_world_models;llms_no_real_understanding;need_hybrid_neurosymbolic
theme3_16db13f00387,reasoning_common_sense,google,unresolved,medium,llms_no_real_understanding,high,high,mapped,no,1,Lack of understanding is the mechanism behind reasoning failures,9,ai_benchmarks_misleading;generalization_failure;llms_cannot_plan;llms_cannot_reason_reliably;llms_lack_compositionality;llms_lack_self_correction;llms_lack_world_models;llms_no_real_understanding;need_hybrid_neurosymbolic
theme3_28501faa0718,reasoning_common_sense,openai,unresolved,medium,llms_no_real_understanding,high,high,mapped,no,716,Lack of understanding is the mechanism behind reasoning failures,9,ai_benchmarks_misleading;generalization_failure;llms_cannot_plan;llms_cannot_reason_reliably;llms_lack_compositionality;llms_lack_self_correction;llms_lack_world_models;llms_no_real_understanding;need_hybrid_neurosymbolic
theme3_33ffa6bb38e1,reasoning_common_sense,llms,unresolved,medium,llms_no_real_understanding,high,high,mapped,no,879,Lack of understanding is the mechanism behind reasoning failures,9,ai_benchmarks_misleading;generalization_failure;llms_cannot_plan;llms_cannot_reason_reliably;llms_lack_compositionality;llms_lack_self_correction;llms_lack_world_models;llms_no_real_understanding;need_hybrid_neurosymbolic
theme3_4fc5744321e5,reasoning_common_sense,agi,untestable,high,llms_lack_world_models,high,high,mapped,no,1299,World model absence is a core reasoning/common-sense deficit,9,ai_benchmarks_misleading;generalization_failure;llms_cannot_plan;llms_cannot_reason_reliably;llms_lack_compositionality;llms_lack_self_correction;llms_lack_world_models;llms_no_real_understanding;need_hybrid_neurosymbolic
theme3_5bb7238346d7,reasoning_common_sense,agi,unresolved,medium,llms_no_real_understanding,high,high,mapped,no,906,Lack of understanding is the mechanism behind reasoning failures,9,ai_benchmarks_misleading;generalization_failure;llms_cannot_plan;llms_cannot_reason_reliably;llms_lack_compositionality;llms_lack_self_correction;llms_lack_world_models;llms_no_real_understanding;need_hybrid_neurosymbolic
theme3_641e64cb86a3,reasoning_common_sense,anthropic,unresolved,medium,llms_no_real_understanding,high,high,mapped,no,1,Lack of understanding is the mechanism behind reasoning failures,9,ai_benchmarks_misleading;generalization_failure;llms_cannot_plan;llms_cannot_reason_reliably;llms_lack_compositionality;llms_lack_self_correction;llms_lack_world_models;llms_no_real_understanding;need_hybrid_neurosymbolic
theme3_6f07286a29dd,reasoning_common_sense,ai_safety,untestable,high,llms_no_real_understanding,high,high,mapped,no,1,Lack of understanding is the mechanism behind reasoning failures,9,ai_benchmarks_misleading;generalization_failure;llms_cannot_plan;llms_cannot_reason_reliably;llms_lack_compositionality;llms_lack_self_correction;llms_lack_world_models;llms_no_real_understanding;need_hybrid_neurosymbolic
theme3_7536106433d4,reasoning_common_sense,ai_safety,unresolved,medium,llms_no_real_understanding,high,high,mapped,no,265,Lack of understanding is the mechanism behind reasoning failures,9,ai_benchmarks_misleading;generalization_failure;llms_cannot_plan;llms_cannot_reason_reliably;llms_lack_compositionality;llms_lack_self_correction;llms_lack_world_models;llms_no_real_understanding;need_hybrid_neurosymbolic
theme3_91ef632a8c27,reasoning_common_sense,tesla,untestable,high,llms_no_real_understanding,high,high,mapped,no,1,Lack of understanding is the mechanism behind reasoning failures,9,ai_benchmarks_misleading;generalization_failure;llms_cannot_plan;llms_cannot_reason_reliably;llms_lack_compositionality;llms_lack_self_correction;llms_lack_world_models;llms_no_real_understanding;need_hybrid_neurosymbolic
theme3_a6b68bc85bcf,reasoning_common_sense,agi,unresolved,medium,llms_no_real_understanding,high,high,mapped,no,1,Lack of understanding is the mechanism behind reasoning failures,9,ai_benchmarks_misleading;generalization_failure;llms_cannot_plan;llms_cannot_reason_reliably;llms_lack_compositionality;llms_lack_self_correction;llms_lack_world_models;llms_no_real_understanding;need_hybrid_neurosymbolic
theme3_ab190e6108e8,reasoning_common_sense,general_ai,unresolved,medium,llms_no_real_understanding,high,high,mapped,no,1,Lack of understanding is the mechanism behind reasoning failures,9,ai_benchmarks_misleading;generalization_failure;llms_cannot_plan;llms_cannot_reason_reliably;llms_lack_compositionality;llms_lack_self_correction;llms_lack_world_models;llms_no_real_understanding;need_hybrid_neurosymbolic
theme3_c1d277607edd,reasoning_common_sense,google,untestable,high,llms_no_real_understanding,high,high,mapped,no,1,Lack of understanding is the mechanism behind reasoning failures,9,ai_benchmarks_misleading;generalization_failure;llms_cannot_plan;llms_cannot_reason_reliably;llms_lack_compositionality;llms_lack_self_correction;llms_lack_world_models;llms_no_real_understanding;need_hybrid_neurosymbolic
theme3_c41ab86ca4e1,reasoning_common_sense,regulation,unresolved,medium,llms_no_real_understanding,high,high,mapped,no,1,Lack of understanding is the mechanism behind reasoning failures,9,ai_benchmarks_misleading;generalization_failure;llms_cannot_plan;llms_cannot_reason_reliably;llms_lack_compositionality;llms_lack_self_correction;llms_lack_world_models;llms_no_real_understanding;need_hybrid_neurosymbolic
theme3_d59b750b4574,reasoning_common_sense,openai,untestable,high,llms_no_real_understanding,high,high,mapped,no,519,Lack of understanding is the mechanism behind reasoning failures,9,ai_benchmarks_misleading;generalization_failure;llms_cannot_plan;llms_cannot_reason_reliably;llms_lack_compositionality;llms_lack_self_correction;llms_lack_world_models;llms_no_real_understanding;need_hybrid_neurosymbolic
theme3_e1bb6980432f,reasoning_common_sense,general_ai,unresolved,medium,llms_no_real_understanding,high,high,mapped,no,1059,Lack of understanding is the mechanism behind reasoning failures,9,ai_benchmarks_misleading;generalization_failure;llms_cannot_plan;llms_cannot_reason_reliably;llms_lack_compositionality;llms_lack_self_correction;llms_lack_world_models;llms_no_real_understanding;need_hybrid_neurosymbolic
theme3_ef9572842556,reasoning_common_sense,llms,untestable,high,llms_no_real_understanding,high,high,mapped,no,793,Lack of understanding is the mechanism behind reasoning failures,9,ai_benchmarks_misleading;generalization_failure;llms_cannot_plan;llms_cannot_reason_reliably;llms_lack_compositionality;llms_lack_self_correction;llms_lack_world_models;llms_no_real_understanding;need_hybrid_neurosymbolic
theme3_f018463815f0,reasoning_common_sense,microsoft,untestable,high,llms_no_real_understanding,high,high,mapped,no,1,Lack of understanding is the mechanism behind reasoning failures,9,ai_benchmarks_misleading;generalization_failure;llms_cannot_plan;llms_cannot_reason_reliably;llms_lack_compositionality;llms_lack_self_correction;llms_lack_world_models;llms_no_real_understanding;need_hybrid_neurosymbolic
theme3_1035472658e9,regulation_policy,regulation,untestable,high,ai_needs_regulation,high,high,mapped,no,1112,Direct match — need for AI regulation,4,ai_needs_regulation;ai_pause_or_slowdown;industry_self_regulation_fails;trump_ai_policy_harmful
theme3_10988792d03a,regulation_policy,openai,untestable,high,industry_self_regulation_fails,high,high,mapped,yes,175,Self-regulation failure is core rationale for regulation_policy,4,ai_needs_regulation;ai_pause_or_slowdown;industry_self_regulation_fails;trump_ai_policy_harmful
theme3_174bb7f1a1a1,regulation_policy,regulation,mixed,medium,industry_self_regulation_fails,high,high,mapped,yes,1,Self-regulation failure is core rationale for regulation_policy,4,ai_needs_regulation;ai_pause_or_slowdown;industry_self_regulation_fails;trump_ai_policy_harmful
theme3_374373bb7ddc,regulation_policy,general_ai,untestable,high,industry_self_regulation_fails,high,high,mapped,yes,662,Self-regulation failure is core rationale for regulation_policy,4,ai_needs_regulation;ai_pause_or_slowdown;industry_self_regulation_fails;trump_ai_policy_harmful
theme3_4092af813ca4,regulation_policy,llms,untestable,high,industry_self_regulation_fails,high,high,mapped,yes,255,Self-regulation failure is core rationale for regulation_policy,4,ai_needs_regulation;ai_pause_or_slowdown;industry_self_regulation_fails;trump_ai_policy_harmful
theme3_419123be14a2,regulation_policy,general_ai,mixed,medium,industry_self_regulation_fails,high,high,mapped,yes,1,Self-regulation failure is core rationale for regulation_policy,4,ai_needs_regulation;ai_pause_or_slowdown;industry_self_regulation_fails;trump_ai_policy_harmful
theme3_4d4c7585d973,regulation_policy,openai,mixed,medium,industry_self_regulation_fails,high,high,mapped,yes,200,Self-regulation failure is core rationale for regulation_policy,4,ai_needs_regulation;ai_pause_or_slowdown;industry_self_regulation_fails;trump_ai_policy_harmful
theme3_5e564709c39c,regulation_policy,openai,mixed,medium,industry_self_regulation_fails,high,high,mapped,yes,1,Self-regulation failure is core rationale for regulation_policy,4,ai_needs_regulation;ai_pause_or_slowdown;industry_self_regulation_fails;trump_ai_policy_harmful
theme3_68780a9144b2,regulation_policy,llms,mixed,medium,industry_self_regulation_fails,high,high,mapped,yes,992,Self-regulation failure is core rationale for regulation_policy,4,ai_needs_regulation;ai_pause_or_slowdown;industry_self_regulation_fails;trump_ai_policy_harmful
theme3_7e94375ad3bc,regulation_policy,general_ai,mixed,medium,industry_self_regulation_fails,high,high,mapped,yes,422,Self-regulation failure is core rationale for regulation_policy,4,ai_needs_regulation;ai_pause_or_slowdown;industry_self_regulation_fails;trump_ai_policy_harmful
theme3_8fe53b7d86e3,regulation_policy,regulation,mixed,medium,industry_self_regulation_fails,high,high,mapped,yes,1072,Self-regulation failure is core rationale for regulation_policy,4,ai_needs_regulation;ai_pause_or_slowdown;industry_self_regulation_fails;trump_ai_policy_harmful
theme3_9f755cccecc5,regulation_policy,tesla,untestable,high,industry_self_regulation_fails,high,high,mapped,yes,1,Self-regulation failure is core rationale for regulation_policy,4,ai_needs_regulation;ai_pause_or_slowdown;industry_self_regulation_fails;trump_ai_policy_harmful
theme3_b0820e15e283,regulation_policy,regulation,mixed,medium,industry_self_regulation_fails,high,high,mapped,yes,755,Self-regulation failure is core rationale for regulation_policy,4,ai_needs_regulation;ai_pause_or_slowdown;industry_self_regulation_fails;trump_ai_policy_harmful
theme3_cefbd7e78334,regulation_policy,llms,mixed,medium,industry_self_regulation_fails,high,high,mapped,yes,878,Self-regulation failure is core rationale for regulation_policy,4,ai_needs_regulation;ai_pause_or_slowdown;industry_self_regulation_fails;trump_ai_policy_harmful
theme3_1153785f29bf,safety_alignment,ai_safety,mixed,medium,ai_child_safety,high,high,mapped,no,1104,Child safety is a specific safety sub-theme,9,ai_child_safety;ai_enviro_costs_ignored;ai_existential_risk_real_but_misframed;ai_military_dangerous;ai_safety_requires_understanding;ai_surveillance_authoritarian;ai_worsens_inequality;llm_security_vulnerabilities;llms_unreliable_for_critical_apps
theme3_2a82b0d65531,safety_alignment,general_ai,mixed,medium,ai_safety_requires_understanding,high,high,mapped,no,575,Safety-through-understanding is a core alignment thesis,9,ai_child_safety;ai_enviro_costs_ignored;ai_existential_risk_real_but_misframed;ai_military_dangerous;ai_safety_requires_understanding;ai_surveillance_authoritarian;ai_worsens_inequality;llm_security_vulnerabilities;llms_unreliable_for_critical_apps
theme3_331c20da7676,safety_alignment,regulation,untestable,high,ai_safety_requires_understanding,high,high,mapped,no,809,Safety-through-understanding is a core alignment thesis,9,ai_child_safety;ai_enviro_costs_ignored;ai_existential_risk_real_but_misframed;ai_military_dangerous;ai_safety_requires_understanding;ai_surveillance_authoritarian;ai_worsens_inequality;llm_security_vulnerabilities;llms_unreliable_for_critical_apps
theme3_35dcaa96810a,safety_alignment,openai,mixed,medium,ai_safety_requires_understanding,high,high,mapped,no,279,Safety-through-understanding is a core alignment thesis,9,ai_child_safety;ai_enviro_costs_ignored;ai_existential_risk_real_but_misframed;ai_military_dangerous;ai_safety_requires_understanding;ai_surveillance_authoritarian;ai_worsens_inequality;llm_security_vulnerabilities;llms_unreliable_for_critical_apps
theme3_3c58fbaf4439,safety_alignment,openai,untestable,high,ai_safety_requires_understanding,high,high,mapped,no,1,Safety-through-understanding is a core alignment thesis,9,ai_child_safety;ai_enviro_costs_ignored;ai_existential_risk_real_but_misframed;ai_military_dangerous;ai_safety_requires_understanding;ai_surveillance_authoritarian;ai_worsens_inequality;llm_security_vulnerabilities;llms_unreliable_for_critical_apps
theme3_45dd29a88dd4,safety_alignment,ai_safety,mixed,medium,ai_existential_risk_real_but_misframed,high,high,mapped,no,1049,Directly about AI safety/risk framing,9,ai_child_safety;ai_enviro_costs_ignored;ai_existential_risk_real_but_misframed;ai_military_dangerous;ai_safety_requires_understanding;ai_surveillance_authoritarian;ai_worsens_inequality;llm_security_vulnerabilities;llms_unreliable_for_critical_apps
theme3_4cd923f75a30,safety_alignment,regulation,mixed,medium,ai_safety_requires_understanding,high,high,mapped,no,1,Safety-through-understanding is a core alignment thesis,9,ai_child_safety;ai_enviro_costs_ignored;ai_existential_risk_real_but_misframed;ai_military_dangerous;ai_safety_requires_understanding;ai_surveillance_authoritarian;ai_worsens_inequality;llm_security_vulnerabilities;llms_unreliable_for_critical_apps
theme3_5050e9c2cf3b,safety_alignment,regulation,mixed,medium,ai_existential_risk_real_but_misframed,high,high,mapped,no,970,Directly about AI safety/risk framing,9,ai_child_safety;ai_enviro_costs_ignored;ai_existential_risk_real_but_misframed;ai_military_dangerous;ai_safety_requires_understanding;ai_surveillance_authoritarian;ai_worsens_inequality;llm_security_vulnerabilities;llms_unreliable_for_critical_apps
theme3_696ea994cd91,safety_alignment,ai_safety,mixed,medium,ai_safety_requires_understanding,high,high,mapped,no,667,Safety-through-understanding is a core alignment thesis,9,ai_child_safety;ai_enviro_costs_ignored;ai_existential_risk_real_but_misframed;ai_military_dangerous;ai_safety_requires_understanding;ai_surveillance_authoritarian;ai_worsens_inequality;llm_security_vulnerabilities;llms_unreliable_for_critical_apps
theme3_8cc71dd645bf,safety_alignment,microsoft,mixed,medium,ai_safety_requires_understanding,high,high,mapped,no,1,Safety-through-understanding is a core alignment thesis,9,ai_child_safety;ai_enviro_costs_ignored;ai_existential_risk_real_but_misframed;ai_military_dangerous;ai_safety_requires_understanding;ai_surveillance_authoritarian;ai_worsens_inequality;llm_security_vulnerabilities;llms_unreliable_for_critical_apps
theme3_8e4a7ba67b7e,safety_alignment,llms,mixed,medium,ai_safety_requires_understanding,high,high,mapped,no,812,Safety-through-understanding is a core alignment thesis,9,ai_child_safety;ai_enviro_costs_ignored;ai_existential_risk_real_but_misframed;ai_military_dangerous;ai_safety_requires_understanding;ai_surveillance_authoritarian;ai_worsens_inequality;llm_security_vulnerabilities;llms_unreliable_for_critical_apps
theme3_8fabf966d580,safety_alignment,regulation,mixed,medium,ai_safety_requires_understanding,high,high,mapped,no,1,Safety-through-understanding is a core alignment thesis,9,ai_child_safety;ai_enviro_costs_ignored;ai_existential_risk_real_but_misframed;ai_military_dangerous;ai_safety_requires_understanding;ai_surveillance_authoritarian;ai_worsens_inequality;llm_security_vulnerabilities;llms_unreliable_for_critical_apps
theme3_9b38ae8cd486,safety_alignment,ai_safety,untestable,high,ai_safety_requires_understanding,high,high,mapped,no,629,Safety-through-understanding is a core alignment thesis,9,ai_child_safety;ai_enviro_costs_ignored;ai_existential_risk_real_but_misframed;ai_military_dangerous;ai_safety_requires_understanding;ai_surveillance_authoritarian;ai_worsens_inequality;llm_security_vulnerabilities;llms_unreliable_for_critical_apps
theme3_aa23f30fb332,safety_alignment,llms,mixed,medium,ai_child_safety,high,high,mapped,no,1029,Child safety is a specific safety sub-theme,9,ai_child_safety;ai_enviro_costs_ignored;ai_existential_risk_real_but_misframed;ai_military_dangerous;ai_safety_requires_understanding;ai_surveillance_authoritarian;ai_worsens_inequality;llm_security_vulnerabilities;llms_unreliable_for_critical_apps
theme3_b1a2bbb9ed57,safety_alignment,llms,mixed,medium,ai_child_safety,high,high,mapped,no,1009,Child safety is a specific safety sub-theme,9,ai_child_safety;ai_enviro_costs_ignored;ai_existential_risk_real_but_misframed;ai_military_dangerous;ai_safety_requires_understanding;ai_surveillance_authoritarian;ai_worsens_inequality;llm_security_vulnerabilities;llms_unreliable_for_critical_apps
theme3_b801791847b6,safety_alignment,openai,mixed,medium,ai_safety_requires_understanding,high,high,mapped,no,152,Safety-through-understanding is a core alignment thesis,9,ai_child_safety;ai_enviro_costs_ignored;ai_existential_risk_real_but_misframed;ai_military_dangerous;ai_safety_requires_understanding;ai_surveillance_authoritarian;ai_worsens_inequality;llm_security_vulnerabilities;llms_unreliable_for_critical_apps
theme3_baac05bbb9c7,safety_alignment,tesla,mixed,medium,ai_safety_requires_understanding,high,high,mapped,no,884,Safety-through-understanding is a core alignment thesis,9,ai_child_safety;ai_enviro_costs_ignored;ai_existential_risk_real_but_misframed;ai_military_dangerous;ai_safety_requires_understanding;ai_surveillance_authoritarian;ai_worsens_inequality;llm_security_vulnerabilities;llms_unreliable_for_critical_apps
theme3_d74dcfc359c8,safety_alignment,general_ai,mixed,medium,ai_existential_risk_real_but_misframed,high,high,mapped,no,978,Directly about AI safety/risk framing,9,ai_child_safety;ai_enviro_costs_ignored;ai_existential_risk_real_but_misframed;ai_military_dangerous;ai_safety_requires_understanding;ai_surveillance_authoritarian;ai_worsens_inequality;llm_security_vulnerabilities;llms_unreliable_for_critical_apps
theme3_e07ab2924ca9,safety_alignment,tesla,mixed,medium,ai_safety_requires_understanding,high,high,mapped,no,1,Safety-through-understanding is a core alignment thesis,9,ai_child_safety;ai_enviro_costs_ignored;ai_existential_risk_real_but_misframed;ai_military_dangerous;ai_safety_requires_understanding;ai_surveillance_authoritarian;ai_worsens_inequality;llm_security_vulnerabilities;llms_unreliable_for_critical_apps
theme3_fa38c07be4e7,safety_alignment,general_ai,untestable,high,ai_military_dangerous,high,high,mapped,no,825,Military AI risk is a major safety sub-theme,9,ai_child_safety;ai_enviro_costs_ignored;ai_existential_risk_real_but_misframed;ai_military_dangerous;ai_safety_requires_understanding;ai_surveillance_authoritarian;ai_worsens_inequality;llm_security_vulnerabilities;llms_unreliable_for_critical_apps
theme3_fc164b36a679,safety_alignment,llms,untestable,high,ai_safety_requires_understanding,high,high,mapped,no,557,Safety-through-understanding is a core alignment thesis,9,ai_child_safety;ai_enviro_costs_ignored;ai_existential_risk_real_but_misframed;ai_military_dangerous;ai_safety_requires_understanding;ai_surveillance_authoritarian;ai_worsens_inequality;llm_security_vulnerabilities;llms_unreliable_for_critical_apps
theme3_0ec6975bae97,scaling_limits,general_ai,untestable,high,scaling_wont_reach_agi,high,high,mapped,yes,510,Direct match — scaling insufficiency thesis,6,ai_needs_new_paradigm;ai_progress_not_linear;llm_reliability_fundamental;need_hybrid_neurosymbolic;o3_not_breakthrough;scaling_wont_reach_agi
theme3_0f76f2088106,scaling_limits,agi,untestable,high,scaling_wont_reach_agi,high,high,mapped,yes,158,Direct match — scaling insufficiency thesis,6,ai_needs_new_paradigm;ai_progress_not_linear;llm_reliability_fundamental;need_hybrid_neurosymbolic;o3_not_breakthrough;scaling_wont_reach_agi
theme3_1421096bca2e,scaling_limits,general_ai,unresolved,medium,scaling_wont_reach_agi,high,high,mapped,yes,1033,Direct match — scaling insufficiency thesis,6,ai_needs_new_paradigm;ai_progress_not_linear;llm_reliability_fundamental;need_hybrid_neurosymbolic;o3_not_breakthrough;scaling_wont_reach_agi
theme3_172e5150cd97,scaling_limits,llms,untestable,high,scaling_wont_reach_agi,high,high,mapped,yes,884,Direct match — scaling insufficiency thesis,6,ai_needs_new_paradigm;ai_progress_not_linear;llm_reliability_fundamental;need_hybrid_neurosymbolic;o3_not_breakthrough;scaling_wont_reach_agi
theme3_1741dd2488ee,scaling_limits,anthropic,unresolved,medium,scaling_wont_reach_agi,high,high,mapped,yes,1,Direct match — scaling insufficiency thesis,6,ai_needs_new_paradigm;ai_progress_not_linear;llm_reliability_fundamental;need_hybrid_neurosymbolic;o3_not_breakthrough;scaling_wont_reach_agi
theme3_1d051096961b,scaling_limits,openai,unresolved,medium,scaling_wont_reach_agi,high,high,mapped,yes,1,Direct match — scaling insufficiency thesis,6,ai_needs_new_paradigm;ai_progress_not_linear;llm_reliability_fundamental;need_hybrid_neurosymbolic;o3_not_breakthrough;scaling_wont_reach_agi
theme3_2cc418f5064a,scaling_limits,general_ai,unresolved,medium,scaling_wont_reach_agi,high,high,mapped,yes,850,Direct match — scaling insufficiency thesis,6,ai_needs_new_paradigm;ai_progress_not_linear;llm_reliability_fundamental;need_hybrid_neurosymbolic;o3_not_breakthrough;scaling_wont_reach_agi
theme3_315a8368ec1c,scaling_limits,llms,unresolved,medium,scaling_wont_reach_agi,high,high,mapped,yes,896,Direct match — scaling insufficiency thesis,6,ai_needs_new_paradigm;ai_progress_not_linear;llm_reliability_fundamental;need_hybrid_neurosymbolic;o3_not_breakthrough;scaling_wont_reach_agi
theme3_6608404f688e,scaling_limits,ai_safety,unresolved,medium,scaling_wont_reach_agi,high,high,mapped,yes,1,Direct match — scaling insufficiency thesis,6,ai_needs_new_paradigm;ai_progress_not_linear;llm_reliability_fundamental;need_hybrid_neurosymbolic;o3_not_breakthrough;scaling_wont_reach_agi
theme3_6fb1ef5deff5,scaling_limits,ai_safety,unresolved,medium,scaling_wont_reach_agi,high,high,mapped,yes,1,Direct match — scaling insufficiency thesis,6,ai_needs_new_paradigm;ai_progress_not_linear;llm_reliability_fundamental;need_hybrid_neurosymbolic;o3_not_breakthrough;scaling_wont_reach_agi
theme3_79c4816299f2,scaling_limits,regulation,untestable,high,scaling_wont_reach_agi,high,high,mapped,yes,1,Direct match — scaling insufficiency thesis,6,ai_needs_new_paradigm;ai_progress_not_linear;llm_reliability_fundamental;need_hybrid_neurosymbolic;o3_not_breakthrough;scaling_wont_reach_agi
theme3_8fe0ad899072,scaling_limits,llms,unresolved,medium,scaling_wont_reach_agi,high,high,mapped,yes,1,Direct match — scaling insufficiency thesis,6,ai_needs_new_paradigm;ai_progress_not_linear;llm_reliability_fundamental;need_hybrid_neurosymbolic;o3_not_breakthrough;scaling_wont_reach_agi
theme3_91c95a37e045,scaling_limits,agi,unresolved,medium,scaling_wont_reach_agi,high,high,mapped,yes,858,Direct match — scaling insufficiency thesis,6,ai_needs_new_paradigm;ai_progress_not_linear;llm_reliability_fundamental;need_hybrid_neurosymbolic;o3_not_breakthrough;scaling_wont_reach_agi
theme3_a4bd807a6b2f,scaling_limits,llms,unresolved,medium,scaling_wont_reach_agi,high,high,mapped,yes,328,Direct match — scaling insufficiency thesis,6,ai_needs_new_paradigm;ai_progress_not_linear;llm_reliability_fundamental;need_hybrid_neurosymbolic;o3_not_breakthrough;scaling_wont_reach_agi
theme3_a54614512de5,scaling_limits,regulation,unresolved,medium,scaling_wont_reach_agi,high,high,mapped,yes,1,Direct match — scaling insufficiency thesis,6,ai_needs_new_paradigm;ai_progress_not_linear;llm_reliability_fundamental;need_hybrid_neurosymbolic;o3_not_breakthrough;scaling_wont_reach_agi
theme3_ad215ff54ca7,scaling_limits,general_ai,unresolved,medium,scaling_wont_reach_agi,high,high,mapped,yes,1,Direct match — scaling insufficiency thesis,6,ai_needs_new_paradigm;ai_progress_not_linear;llm_reliability_fundamental;need_hybrid_neurosymbolic;o3_not_breakthrough;scaling_wont_reach_agi
theme3_b0a943ac0bbb,scaling_limits,agi,unresolved,medium,scaling_wont_reach_agi,high,high,mapped,yes,97,Direct match — scaling insufficiency thesis,6,ai_needs_new_paradigm;ai_progress_not_linear;llm_reliability_fundamental;need_hybrid_neurosymbolic;o3_not_breakthrough;scaling_wont_reach_agi
theme3_d8c7f3475f9e,scaling_limits,ai_safety,untestable,high,scaling_wont_reach_agi,high,high,mapped,yes,1,Direct match — scaling insufficiency thesis,6,ai_needs_new_paradigm;ai_progress_not_linear;llm_reliability_fundamental;need_hybrid_neurosymbolic;o3_not_breakthrough;scaling_wont_reach_agi
theme3_dc8619624667,scaling_limits,openai,unresolved,medium,scaling_wont_reach_agi,high,high,mapped,yes,1,Direct match — scaling insufficiency thesis,6,ai_needs_new_paradigm;ai_progress_not_linear;llm_reliability_fundamental;need_hybrid_neurosymbolic;o3_not_breakthrough;scaling_wont_reach_agi
theme3_e08a363477d6,scaling_limits,ai_safety,unresolved,medium,scaling_wont_reach_agi,high,high,mapped,yes,1,Direct match — scaling insufficiency thesis,6,ai_needs_new_paradigm;ai_progress_not_linear;llm_reliability_fundamental;need_hybrid_neurosymbolic;o3_not_breakthrough;scaling_wont_reach_agi
theme3_fc9bd1ed6aeb,scaling_limits,google,unresolved,medium,scaling_wont_reach_agi,high,high,mapped,yes,1,Direct match — scaling insufficiency thesis,6,ai_needs_new_paradigm;ai_progress_not_linear;llm_reliability_fundamental;need_hybrid_neurosymbolic;o3_not_breakthrough;scaling_wont_reach_agi
theme3_fde6def617bf,scaling_limits,agi,unresolved,medium,scaling_wont_reach_agi,high,high,mapped,yes,1025,Direct match — scaling insufficiency thesis,6,ai_needs_new_paradigm;ai_progress_not_linear;llm_reliability_fundamental;need_hybrid_neurosymbolic;o3_not_breakthrough;scaling_wont_reach_agi
theme3_0b7a44e78690,self_driving_robotics,tesla,unresolved,medium,musk_ai_hypocrisy,medium,medium,mapped,no,1,Tesla/Musk self-driving claims are a major sub-theme of musk_ai_hypocrisy,3,llms_unreliable_for_critical_apps;miscellaneous;musk_ai_hypocrisy
theme3_4fd1eed54bd2,self_driving_robotics,general_ai,unresolved,medium,musk_ai_hypocrisy,medium,medium,mapped,no,1,Tesla/Musk self-driving claims are a major sub-theme of musk_ai_hypocrisy,3,llms_unreliable_for_critical_apps;miscellaneous;musk_ai_hypocrisy
theme3_7fce72a0f3dd,self_driving_robotics,tesla,untestable,high,musk_ai_hypocrisy,medium,medium,mapped,no,1,Tesla/Musk self-driving claims are a major sub-theme of musk_ai_hypocrisy,3,llms_unreliable_for_critical_apps;miscellaneous;musk_ai_hypocrisy
theme3_8546265138f1,self_driving_robotics,general_ai,untestable,high,musk_ai_hypocrisy,medium,medium,mapped,no,1,Tesla/Musk self-driving claims are a major sub-theme of musk_ai_hypocrisy,3,llms_unreliable_for_critical_apps;miscellaneous;musk_ai_hypocrisy
theme3_a258d61593cc,self_driving_robotics,tesla,unresolved,medium,musk_ai_hypocrisy,medium,medium,mapped,no,1,Tesla/Musk self-driving claims are a major sub-theme of musk_ai_hypocrisy,3,llms_unreliable_for_critical_apps;miscellaneous;musk_ai_hypocrisy
theme3_e38d5e6599b8,self_driving_robotics,general_ai,unresolved,medium,musk_ai_hypocrisy,medium,medium,mapped,no,1,Tesla/Musk self-driving claims are a major sub-theme of musk_ai_hypocrisy,3,llms_unreliable_for_critical_apps;miscellaneous;musk_ai_hypocrisy
theme3_4c05ee8245b3,self_driving_robotics,google,unresolved,medium,musk_ai_hypocrisy,medium,low,mapped_medium_weak_target,yes,1,Tesla/Musk self-driving claims are a major sub-theme of musk_ai_hypocrisy,3,llms_unreliable_for_critical_apps;miscellaneous;musk_ai_hypocrisy
theme3_54e37b5b2981,self_driving_robotics,llms,unresolved,medium,musk_ai_hypocrisy,medium,low,mapped_medium_weak_target,yes,1,Tesla/Musk self-driving claims are a major sub-theme of musk_ai_hypocrisy,3,llms_unreliable_for_critical_apps;miscellaneous;musk_ai_hypocrisy
theme3_9d3a3aa0a56f,self_driving_robotics,google,untestable,high,musk_ai_hypocrisy,medium,low,mapped_medium_weak_target,yes,1,Tesla/Musk self-driving claims are a major sub-theme of musk_ai_hypocrisy,3,llms_unreliable_for_critical_apps;miscellaneous;musk_ai_hypocrisy
theme3_c49097e81ee1,self_driving_robotics,llms,untestable,high,musk_ai_hypocrisy,medium,low,mapped_medium_weak_target,yes,110,Tesla/Musk self-driving claims are a major sub-theme of musk_ai_hypocrisy,3,llms_unreliable_for_critical_apps;miscellaneous;musk_ai_hypocrisy
