theme3_id,theme_label,target_mode,claim_type_mode,chatgpt_status_at_eval,chatgpt_confidence,selected_claude_cluster_id,bridge_confidence,mapping_status,manual_review,claude_claims_in_window,claude_supported_pct,claude_contradicted_pct,claude_mixed_pct,claude_pending_pct,claude_untestable_pct,claude_primary_status,hybrid_status,agreement_band,goalpost_shift_flag,goalpost_shift_score,first_date,last_date,claim_occurrences
theme3_6243728cd866,openai_governance,openai,descriptive,contradicted,high,openai_wont_stay_dominant,high,mapped,no,70,41.4,11.4,35.7,8.6,2.9,supported,contradicted,low,no,0,2023-09-21,2026-01-13,12
theme3_7d22014cb9c1,openai_governance,openai,predictive,contradicted,medium,openai_wont_stay_dominant,high,mapped,no,83,39.8,13.3,32.5,12.0,2.4,supported,contradicted,low,yes,3,2023-10-17,2026-02-27,21
theme3_1229d1997f18,market_hype_bubble,llms,predictive,unresolved,medium,genai_bubble_will_burst,high,mapped,no,39,10.3,43.6,28.2,7.7,10.3,contradicted,lean_contradicted,medium,yes,3,2023-09-27,2025-08-20,9
theme3_2f0d82369632,market_hype_bubble,general_ai,descriptive,unresolved,medium,genai_bubble_will_burst,high,mapped,no,52,11.5,32.7,26.9,17.3,11.5,contradicted,lean_contradicted,medium,no,0,2023-02-13,2025-12-17,3
theme3_afea30eb45be,market_hype_bubble,general_ai,causal,unresolved,medium,genai_bubble_will_burst,high,mapped,no,13,0.0,53.8,15.4,23.1,7.7,contradicted,lean_contradicted,medium,no,1,2023-02-13,2024-07-28,2
theme3_da5470fb91d7,market_hype_bubble,general_ai,predictive,unresolved,medium,genai_bubble_will_burst,high,mapped,no,58,10.3,29.3,27.6,22.4,10.3,contradicted,lean_contradicted,medium,no,1,2023-10-27,2026-01-06,7
theme3_0d3613992fa7,reasoning_common_sense,llms,causal,unresolved,medium,llms_no_real_understanding,high,mapped,no,15,26.7,20.0,33.3,6.7,13.3,mixed,lean_contradicted,medium,no,0,2023-03-25,2025-03-28,3
theme3_28501faa0718,reasoning_common_sense,openai,predictive,unresolved,medium,llms_no_real_understanding,high,mapped,no,19,21.1,15.8,47.4,5.3,10.5,mixed,lean_contradicted,medium,no,1,2023-02-11,2025-01-26,3
theme3_64bd8b6d3a0f,agents_reliability,general_ai,predictive,unresolved,medium,llm_agents_premature,high,mapped,no,24,62.5,0.0,8.3,20.8,8.3,supported,lean_supported,medium,no,1,2023-10-27,2025-08-03,7
theme3_7645c65073c8,agents_reliability,general_ai,causal,unresolved,medium,llm_agents_premature,high,mapped,no,11,72.7,0.0,9.1,18.2,0.0,supported,lean_supported,medium,no,0,2025-05-22,2025-08-03,2
theme3_833be3ff31bb,agents_reliability,llms,predictive,unresolved,medium,llm_agents_premature,high,mapped,no,23,65.2,0.0,4.3,21.7,8.7,supported,lean_supported,medium,no,0,2024-02-10,2025-08-03,2
theme3_a4a7b7572183,agents_reliability,general_ai,descriptive,unresolved,medium,llm_agents_premature,high,mapped,no,2,100.0,0.0,0.0,0.0,0.0,supported,lean_supported,medium,no,0,2025-04-16,2025-05-22,2
theme3_b889360f49df,agi_timeline,anthropic,predictive,unresolved,medium,agi_not_imminent,high,mapped,no,2,100.0,0.0,0.0,0.0,0.0,supported,lean_supported,medium,no,0,2023-08-13,2023-08-13,1
theme3_c5056806d534,agi_timeline,tesla,predictive,unresolved,high,agi_not_imminent,high,mapped,no,22,54.5,0.0,18.2,22.7,4.5,supported,lean_supported,medium,yes,3,2023-02-13,2025-01-20,4
theme3_03bbb277b41d,copyright_ip,general_ai,predictive,unresolved,medium,ai_copyright_infringement,high,mapped,no,68,63.2,2.9,14.7,1.5,17.6,supported,lean_supported,medium,yes,4,2023-02-14,2026-02-10,8
theme3_0645fb99675a,copyright_ip,general_ai,descriptive,unresolved,medium,ai_copyright_infringement,high,mapped,no,69,63.8,2.9,14.5,1.4,17.4,supported,lean_supported,medium,no,0,2022-05-29,2025-07-15,10
theme3_16706773bfe0,copyright_ip,microsoft,descriptive,unresolved,medium,ai_copyright_infringement,high,mapped,no,72,62.5,2.8,16.7,1.4,16.7,supported,lean_supported,medium,no,0,2023-02-26,2023-02-26,1
theme3_5f90b0708be7,copyright_ip,llms,descriptive,unresolved,medium,ai_copyright_infringement,high,mapped,no,70,64.3,2.9,14.3,1.4,17.1,supported,lean_supported,medium,no,0,2023-02-11,2026-01-12,8
theme3_8ac582808fb4,copyright_ip,general_ai,causal,unresolved,medium,ai_copyright_infringement,high,mapped,no,72,62.5,2.8,16.7,1.4,16.7,supported,lean_supported,medium,no,0,2024-10-05,2024-10-05,1
theme3_9afbf59166e9,copyright_ip,llms,predictive,unresolved,medium,ai_copyright_infringement,high,mapped,no,66,63.6,3.0,13.6,1.5,18.2,supported,lean_supported,medium,no,1,2023-02-15,2025-07-27,11
theme3_b9f19c78c06d,copyright_ip,llms,causal,unresolved,medium,ai_copyright_infringement,high,mapped,no,72,62.5,2.8,16.7,1.4,16.7,supported,lean_supported,medium,no,0,2026-02-10,2026-02-10,1
theme3_be469008f20d,copyright_ip,meta,descriptive,unresolved,medium,ai_copyright_infringement,high,mapped,no,72,62.5,2.8,16.7,1.4,16.7,supported,lean_supported,medium,no,0,2026-01-06,2026-01-06,1
theme3_17682cba7368,market_hype_bubble,microsoft,predictive,unresolved,medium,genai_bubble_will_burst,high,mapped,no,2,50.0,0.0,0.0,50.0,0.0,supported,lean_supported,medium,no,0,2025-03-27,2025-03-27,1
theme3_b06f891704cc,openai_governance,openai,causal,unresolved,medium,openai_wont_stay_dominant,high,mapped,no,2,50.0,0.0,0.0,0.0,50.0,supported,lean_supported,medium,no,0,2023-02-11,2023-04-28,2
theme3_7536106433d4,reasoning_common_sense,ai_safety,descriptive,unresolved,medium,llms_no_real_understanding,high,mapped,no,6,50.0,0.0,33.3,0.0,16.7,supported,lean_supported,medium,no,0,2024-06-07,2025-02-26,3
theme3_1d051096961b,scaling_limits,openai,predictive,unresolved,medium,scaling_wont_reach_agi,high,mapped,yes,2,50.0,0.0,50.0,0.0,0.0,mixed,lean_supported,medium,no,0,2024-11-09,2024-11-09,1
theme3_a4bd807a6b2f,scaling_limits,llms,descriptive,unresolved,medium,scaling_wont_reach_agi,high,mapped,yes,36,50.0,2.8,22.2,8.3,16.7,supported,lean_supported,medium,no,0,2025-02-13,2026-01-06,2
theme3_b0a943ac0bbb,scaling_limits,agi,causal,unresolved,medium,scaling_wont_reach_agi,high,mapped,yes,13,61.5,0.0,30.8,0.0,7.7,supported,lean_supported,medium,no,0,2024-12-08,2025-03-14,2
theme3_fc9bd1ed6aeb,scaling_limits,google,predictive,unresolved,medium,scaling_wont_reach_agi,high,mapped,yes,2,50.0,0.0,50.0,0.0,0.0,mixed,lean_supported,medium,no,0,2025-02-13,2025-02-13,1
theme3_0b7a44e78690,self_driving_robotics,tesla,descriptive,unresolved,medium,musk_ai_hypocrisy,medium,mapped,no,55,65.5,3.6,14.5,5.5,10.9,supported,lean_supported,medium,no,0,2024-06-01,2024-06-01,1
theme3_4fd1eed54bd2,self_driving_robotics,general_ai,predictive,unresolved,medium,musk_ai_hypocrisy,medium,mapped,no,55,65.5,3.6,14.5,5.5,10.9,supported,lean_supported,medium,no,0,2023-10-27,2023-10-27,1
theme3_54e37b5b2981,self_driving_robotics,llms,descriptive,unresolved,medium,musk_ai_hypocrisy,low,mapped_medium_weak_target,yes,55,65.5,3.6,14.5,5.5,10.9,supported,lean_supported,medium,no,0,2025-07-13,2025-07-13,1
theme3_a258d61593cc,self_driving_robotics,tesla,causal,unresolved,medium,musk_ai_hypocrisy,medium,mapped,no,2,100.0,0.0,0.0,0.0,0.0,supported,lean_supported,medium,no,0,2023-02-13,2023-02-13,1
theme3_e38d5e6599b8,self_driving_robotics,general_ai,descriptive,unresolved,medium,musk_ai_hypocrisy,medium,mapped,no,6,66.7,0.0,0.0,16.7,16.7,supported,lean_supported,medium,no,0,2025-07-15,2025-07-15,1
theme3_90cdb2bb15e4,agents_reliability,llms,descriptive,unresolved,medium,llm_agents_premature,high,mapped,no,3,33.3,0.0,0.0,33.3,33.3,supported,mixed_or_unresolved,medium,no,0,2024-02-10,2024-02-10,1
theme3_1c72faf37cd5,agi_timeline,regulation,normative,untestable,high,agi_not_imminent,high,mapped,no,51,43.1,0.0,15.7,31.4,9.8,supported,mixed_or_unresolved,medium,no,0,2025-05-14,2025-05-14,1
theme3_3c553598e33f,agi_timeline,agi,predictive,unresolved,high,agi_not_imminent,high,mapped,no,46,41.3,0.0,17.4,30.4,10.9,supported,mixed_or_unresolved,medium,yes,4,2023-02-11,2025-12-01,41
theme3_4acd3c028f35,agi_timeline,meta,normative,untestable,high,agi_not_imminent,high,mapped,no,51,43.1,0.0,15.7,31.4,9.8,supported,mixed_or_unresolved,medium,no,0,2025-01-14,2025-01-14,1
theme3_4c6df10ac954,agi_timeline,general_ai,normative,untestable,high,agi_not_imminent,high,mapped,no,51,43.1,0.0,15.7,31.4,9.8,supported,mixed_or_unresolved,medium,no,0,2022-05-29,2022-05-29,1
theme3_4d4764672c3e,agi_timeline,agi,normative,untestable,high,agi_not_imminent,high,mapped,no,43,41.9,0.0,18.6,30.2,9.3,supported,mixed_or_unresolved,medium,yes,3,2023-02-03,2025-11-21,19
theme3_65d13d74dd78,agi_timeline,openai,normative,untestable,high,agi_not_imminent,high,mapped,no,51,43.1,0.0,15.7,31.4,9.8,supported,mixed_or_unresolved,medium,no,0,2024-03-01,2024-03-01,1
theme3_74fdd247ed10,agi_timeline,anthropic,descriptive,unresolved,medium,agi_not_imminent,high,mapped,no,4,25.0,0.0,25.0,25.0,25.0,mixed,mixed_or_unresolved,medium,no,0,2025-03-05,2025-03-05,1
theme3_8e1a0d0af076,agi_timeline,openai,causal,unresolved,medium,agi_not_imminent,high,mapped,no,1,0.0,0.0,0.0,100.0,0.0,contradicted,mixed_or_unresolved,medium,no,0,2023-02-16,2023-02-16,1
theme3_cb87e9ec1415,agi_timeline,agi,causal,unresolved,medium,agi_not_imminent,high,mapped,no,46,39.1,0.0,17.4,32.6,10.9,supported,mixed_or_unresolved,medium,no,0,2023-02-16,2025-12-23,8
theme3_df801cea5953,agi_timeline,openai,predictive,unresolved,high,agi_not_imminent,high,mapped,no,20,30.0,0.0,10.0,45.0,15.0,supported,mixed_or_unresolved,medium,no,1,2024-06-05,2025-08-07,2
theme3_e8ec12058b83,agi_timeline,general_ai,predictive,unresolved,high,agi_not_imminent,high,mapped,no,31,32.3,0.0,16.1,38.7,12.9,supported,mixed_or_unresolved,medium,yes,2,2024-03-10,2025-11-21,7
theme3_f3ab8db480f5,agi_timeline,agi,descriptive,unresolved,medium,agi_not_imminent,high,mapped,no,46,41.3,0.0,17.4,30.4,10.9,supported,mixed_or_unresolved,medium,no,0,2023-02-15,2025-12-01,26
theme3_fb1e8f4c72f2,agi_timeline,general_ai,descriptive,unresolved,high,agi_not_imminent,high,mapped,no,1,0.0,0.0,0.0,100.0,0.0,contradicted,mixed_or_unresolved,medium,no,0,2025-05-22,2025-05-22,1
theme3_fe6828136104,agi_timeline,microsoft,predictive,unresolved,medium,agi_not_imminent,high,mapped,no,51,43.1,0.0,15.7,31.4,9.8,supported,mixed_or_unresolved,medium,no,0,2024-02-12,2024-02-12,1
theme3_023d31465c4a,copyright_ip,microsoft,normative,untestable,high,ai_copyright_infringement,high,mapped,no,72,62.5,2.8,16.7,1.4,16.7,supported,mixed_or_unresolved,medium,no,0,2024-05-29,2024-05-29,1
theme3_e35c4f9a12f0,copyright_ip,general_ai,normative,untestable,high,ai_copyright_infringement,high,mapped,no,2,100.0,0.0,0.0,0.0,0.0,supported,mixed_or_unresolved,medium,no,0,2023-02-18,2023-02-18,1
theme3_0b8a4f26a16f,hallucination_misinformation,google,normative,untestable,high,hallucination_unsolvable,high,mapped,no,120,56.7,5.8,28.3,2.5,6.7,supported,mixed_or_unresolved,medium,no,0,2024-04-06,2024-04-06,1
theme3_2ea498a89294,hallucination_misinformation,general_ai,normative,untestable,high,deepfakes_threaten_democracy,high,mapped,no,72,63.9,0.0,15.3,2.8,18.1,supported,mixed_or_unresolved,medium,no,0,2023-02-15,2026-02-25,4
theme3_847967e079b6,hallucination_misinformation,agi,normative,untestable,high,hallucination_unsolvable,high,mapped,no,68,50.0,7.4,32.4,2.9,7.4,supported,mixed_or_unresolved,medium,no,0,2023-05-01,2025-03-05,2
theme3_8f587a704cfd,hallucination_misinformation,llms,normative,untestable,high,hallucination_unsolvable,high,mapped,no,60,60.0,3.3,26.7,3.3,6.7,supported,mixed_or_unresolved,medium,no,0,2024-03-15,2026-01-06,5
theme3_919f4cd32961,hallucination_misinformation,microsoft,normative,untestable,high,hallucination_unsolvable,high,mapped,no,120,56.7,5.8,28.3,2.5,6.7,supported,mixed_or_unresolved,medium,no,0,2024-04-17,2024-04-17,1
theme3_a49d43352868,hallucination_misinformation,openai,normative,untestable,high,hallucination_unsolvable,high,mapped,no,120,56.7,5.8,28.3,2.5,6.7,supported,mixed_or_unresolved,medium,no,0,2023-03-18,2023-03-18,1
theme3_c20b717d1357,hallucination_misinformation,google,predictive,supported,high,hallucination_unsolvable,high,mapped,no,3,0.0,0.0,100.0,0.0,0.0,mixed,mixed_or_unresolved,medium,no,0,2023-08-13,2023-08-13,1
theme3_c34d7523982e,hallucination_misinformation,ai_safety,normative,untestable,high,hallucination_unsolvable,high,mapped,no,107,57.0,4.7,28.0,2.8,7.5,supported,mixed_or_unresolved,medium,no,0,2023-02-15,2026-01-23,4
theme3_1844084fccbe,market_hype_bubble,llms,descriptive,unresolved,medium,genai_bubble_will_burst,high,mapped,no,10,20.0,10.0,40.0,10.0,20.0,mixed,mixed_or_unresolved,medium,no,1,2025-01-14,2025-08-20,3
theme3_1ebd4ce067d9,market_hype_bubble,llms,normative,untestable,high,genai_bubble_will_burst,high,mapped,no,63,11.1,27.0,27.0,23.8,11.1,contradicted,mixed_or_unresolved,medium,no,0,2023-02-18,2023-02-18,1
theme3_66474188f998,market_hype_bubble,google,predictive,unresolved,medium,genai_bubble_will_burst,high,mapped,no,2,0.0,0.0,0.0,50.0,50.0,contradicted,mixed_or_unresolved,medium,no,0,2025-12-01,2025-12-01,1
theme3_c36d63426d0a,market_hype_bubble,google,descriptive,unresolved,medium,genai_bubble_will_burst,high,mapped,no,2,0.0,0.0,0.0,50.0,50.0,contradicted,mixed_or_unresolved,medium,no,0,2025-12-01,2025-12-01,1
theme3_d623e8944184,market_hype_bubble,general_ai,normative,untestable,high,genai_bubble_will_burst,high,mapped,no,63,11.1,27.0,27.0,23.8,11.1,contradicted,mixed_or_unresolved,medium,no,0,2025-03-09,2025-03-09,1
theme3_1171c23b8fe5,openai_governance,openai,normative,untestable,high,openai_wont_stay_dominant,high,mapped,no,32,31.2,25.0,34.4,6.2,3.1,mixed,mixed_or_unresolved,medium,no,1,2023-02-21,2024-10-24,5
theme3_3d0db8f9faae,openai_governance,general_ai,descriptive,unresolved,medium,openai_wont_stay_dominant,high,mapped,no,87,40.2,12.6,32.2,11.5,3.4,supported,mixed_or_unresolved,medium,no,0,2024-03-06,2024-03-06,1
theme3_855ae3bb7be1,openai_governance,llms,descriptive,unresolved,medium,openai_wont_stay_dominant,high,mapped,no,87,40.2,12.6,32.2,11.5,3.4,supported,mixed_or_unresolved,medium,no,0,2023-08-14,2023-08-14,1
theme3_8d9a23510bf7,openai_governance,general_ai,normative,untestable,high,openai_wont_stay_dominant,high,mapped,no,54,38.9,14.8,35.2,7.4,3.7,supported,mixed_or_unresolved,medium,no,0,2023-12-07,2025-11-18,7
theme3_bcade1f0ce6f,openai_governance,general_ai,predictive,unresolved,medium,openai_wont_stay_dominant,high,mapped,no,87,40.2,12.6,32.2,11.5,3.4,supported,mixed_or_unresolved,medium,no,0,2025-02-11,2025-02-11,1
theme3_e0bf578dbd19,openai_governance,general_ai,causal,unresolved,medium,openai_wont_stay_dominant,high,mapped,no,56,39.3,14.3,35.7,7.1,3.6,supported,mixed_or_unresolved,medium,no,1,2023-11-26,2025-11-18,2
theme3_f122aba746fc,openai_governance,llms,causal,unresolved,medium,openai_wont_stay_dominant,high,mapped,no,87,40.2,12.6,32.2,11.5,3.4,supported,mixed_or_unresolved,medium,no,0,2025-11-18,2025-11-18,1
theme3_051f3b425aa5,reasoning_common_sense,llms,predictive,unresolved,medium,llms_no_real_understanding,high,mapped,no,28,28.6,10.7,32.1,3.6,25.0,mixed,mixed_or_unresolved,medium,no,1,2023-02-15,2025-12-30,12
theme3_0572199dc099,reasoning_common_sense,general_ai,normative,untestable,high,llms_no_real_understanding,high,mapped,no,35,31.4,8.6,34.3,2.9,22.9,mixed,mixed_or_unresolved,medium,yes,3,2023-02-11,2026-02-14,10
theme3_08ea1f8f4bfc,reasoning_common_sense,google,descriptive,unresolved,medium,llms_lack_world_models,high,mapped,no,2,0.0,0.0,100.0,0.0,0.0,mixed,mixed_or_unresolved,medium,no,0,2022-05-29,2022-05-29,1
theme3_0f1476ce91f4,reasoning_common_sense,openai,descriptive,unresolved,medium,llms_no_real_understanding,high,mapped,no,17,41.2,5.9,29.4,5.9,17.6,supported,mixed_or_unresolved,medium,no,0,2024-02-04,2025-07-13,2
theme3_0fb5a9767582,reasoning_common_sense,general_ai,predictive,unresolved,medium,llms_no_real_understanding,high,mapped,no,22,31.8,13.6,36.4,4.5,13.6,mixed,mixed_or_unresolved,medium,no,1,2023-02-16,2025-07-15,14
theme3_16db13f00387,reasoning_common_sense,google,causal,unresolved,medium,llms_no_real_understanding,high,mapped,no,40,35.0,7.5,30.0,2.5,25.0,supported,mixed_or_unresolved,medium,no,0,2025-01-01,2025-01-01,1
theme3_33ffa6bb38e1,reasoning_common_sense,llms,descriptive,unresolved,medium,llms_no_real_understanding,high,mapped,no,22,31.8,13.6,36.4,4.5,13.6,mixed,mixed_or_unresolved,medium,no,0,2023-02-16,2025-07-13,5
theme3_4fc5744321e5,reasoning_common_sense,agi,normative,untestable,high,llms_lack_world_models,high,mapped,no,121,30.6,4.1,38.0,1.7,25.6,mixed,mixed_or_unresolved,medium,no,0,2022-05-29,2025-12-17,5
theme3_5bb7238346d7,reasoning_common_sense,agi,predictive,unresolved,medium,llms_no_real_understanding,high,mapped,no,22,31.8,13.6,36.4,4.5,13.6,mixed,mixed_or_unresolved,medium,no,1,2023-02-16,2025-08-09,6
theme3_641e64cb86a3,reasoning_common_sense,anthropic,causal,unresolved,medium,llms_no_real_understanding,high,mapped,no,40,35.0,7.5,30.0,2.5,25.0,supported,mixed_or_unresolved,medium,no,0,2026-02-04,2026-02-04,1
theme3_6f07286a29dd,reasoning_common_sense,ai_safety,normative,untestable,high,llms_no_real_understanding,high,mapped,no,40,35.0,7.5,30.0,2.5,25.0,supported,mixed_or_unresolved,medium,no,0,2024-08-20,2024-08-20,1
theme3_91ef632a8c27,reasoning_common_sense,tesla,normative,untestable,high,llms_no_real_understanding,high,mapped,no,40,35.0,7.5,30.0,2.5,25.0,supported,mixed_or_unresolved,medium,no,0,2023-08-20,2023-08-20,1
theme3_a6b68bc85bcf,reasoning_common_sense,agi,descriptive,unresolved,medium,llms_no_real_understanding,high,mapped,no,40,35.0,7.5,30.0,2.5,25.0,supported,mixed_or_unresolved,medium,no,0,2025-07-13,2025-07-13,1
theme3_ab190e6108e8,reasoning_common_sense,general_ai,causal,unresolved,medium,llms_no_real_understanding,high,mapped,no,40,35.0,7.5,30.0,2.5,25.0,supported,mixed_or_unresolved,medium,no,0,2026-01-06,2026-01-06,1
theme3_c1d277607edd,reasoning_common_sense,google,normative,untestable,high,llms_no_real_understanding,high,mapped,no,40,35.0,7.5,30.0,2.5,25.0,supported,mixed_or_unresolved,medium,no,0,2025-01-05,2025-01-05,1
theme3_c41ab86ca4e1,reasoning_common_sense,regulation,causal,unresolved,medium,llms_no_real_understanding,high,mapped,no,40,35.0,7.5,30.0,2.5,25.0,supported,mixed_or_unresolved,medium,no,0,2023-08-28,2023-08-28,1
theme3_d59b750b4574,reasoning_common_sense,openai,normative,untestable,high,llms_no_real_understanding,high,mapped,no,16,37.5,6.2,31.2,6.2,18.8,supported,mixed_or_unresolved,medium,no,0,2024-02-11,2025-07-13,2
theme3_e1bb6980432f,reasoning_common_sense,general_ai,descriptive,unresolved,medium,llms_no_real_understanding,high,mapped,no,30,30.0,10.0,33.3,3.3,23.3,mixed,mixed_or_unresolved,medium,no,0,2023-02-13,2026-01-06,17
theme3_ef9572842556,reasoning_common_sense,llms,normative,untestable,high,llms_no_real_understanding,high,mapped,no,18,27.8,16.7,38.9,5.6,11.1,mixed,mixed_or_unresolved,medium,no,0,2023-02-15,2025-04-17,2
theme3_f018463815f0,reasoning_common_sense,microsoft,normative,untestable,high,llms_no_real_understanding,high,mapped,no,40,35.0,7.5,30.0,2.5,25.0,supported,mixed_or_unresolved,medium,no,0,2023-09-22,2023-09-22,1
theme3_1035472658e9,regulation_policy,regulation,normative,untestable,high,ai_needs_regulation,high,mapped,no,164,31.1,1.2,15.9,3.7,48.2,supported,mixed_or_unresolved,medium,no,0,2022-05-29,2026-02-26,16
theme3_10988792d03a,regulation_policy,openai,normative,untestable,high,industry_self_regulation_fails,high,mapped,yes,6,33.3,0.0,50.0,0.0,16.7,mixed,mixed_or_unresolved,medium,no,1,2023-10-17,2024-04-08,2
theme3_174bb7f1a1a1,regulation_policy,regulation,causal,mixed,medium,industry_self_regulation_fails,high,mapped,yes,31,45.2,0.0,25.8,6.5,22.6,supported,mixed_or_unresolved,medium,no,0,2024-06-28,2024-06-28,1
theme3_374373bb7ddc,regulation_policy,general_ai,normative,untestable,high,industry_self_regulation_fails,high,mapped,yes,20,45.0,0.0,30.0,5.0,20.0,supported,mixed_or_unresolved,medium,no,0,2023-09-21,2025-07-13,3
theme3_4092af813ca4,regulation_policy,llms,normative,untestable,high,industry_self_regulation_fails,high,mapped,yes,2,50.0,0.0,0.0,50.0,0.0,supported,mixed_or_unresolved,medium,no,0,2025-04-03,2025-12-13,2
theme3_419123be14a2,regulation_policy,general_ai,descriptive,mixed,medium,industry_self_regulation_fails,high,mapped,yes,31,45.2,0.0,25.8,6.5,22.6,supported,mixed_or_unresolved,medium,no,0,2023-09-21,2023-09-21,1
theme3_4d4c7585d973,regulation_policy,openai,predictive,mixed,medium,industry_self_regulation_fails,high,mapped,yes,10,30.0,0.0,40.0,0.0,30.0,mixed,mixed_or_unresolved,high,no,0,2024-02-06,2024-08-23,2
theme3_5e564709c39c,regulation_policy,openai,descriptive,mixed,medium,industry_self_regulation_fails,high,mapped,yes,31,45.2,0.0,25.8,6.5,22.6,supported,mixed_or_unresolved,medium,no,0,2025-05-22,2025-05-22,1
theme3_68780a9144b2,regulation_policy,llms,predictive,mixed,medium,industry_self_regulation_fails,high,mapped,yes,25,44.0,0.0,24.0,8.0,24.0,supported,mixed_or_unresolved,medium,no,0,2023-03-12,2025-11-27,5
theme3_7e94375ad3bc,regulation_policy,general_ai,predictive,mixed,medium,industry_self_regulation_fails,high,mapped,yes,14,42.9,0.0,28.6,7.1,21.4,supported,mixed_or_unresolved,medium,yes,2,2024-02-21,2025-04-17,3
theme3_8fe53b7d86e3,regulation_policy,regulation,predictive,mixed,medium,industry_self_regulation_fails,high,mapped,yes,27,44.4,0.0,25.9,7.4,22.2,supported,mixed_or_unresolved,medium,no,0,2023-02-26,2026-02-01,8
theme3_9f755cccecc5,regulation_policy,tesla,normative,untestable,high,industry_self_regulation_fails,high,mapped,yes,31,45.2,0.0,25.8,6.5,22.6,supported,mixed_or_unresolved,medium,no,0,2024-04-09,2024-04-09,1
theme3_b0820e15e283,regulation_policy,regulation,descriptive,mixed,medium,industry_self_regulation_fails,high,mapped,yes,19,42.1,0.0,26.3,10.5,21.1,supported,mixed_or_unresolved,medium,no,0,2023-11-20,2025-12-13,6
theme3_cefbd7e78334,regulation_policy,llms,descriptive,mixed,medium,industry_self_regulation_fails,high,mapped,yes,23,43.5,0.0,26.1,8.7,21.7,supported,mixed_or_unresolved,medium,no,0,2023-08-13,2026-01-06,3
theme3_1153785f29bf,safety_alignment,ai_safety,predictive,mixed,medium,ai_child_safety,high,mapped,no,8,50.0,0.0,25.0,0.0,25.0,supported,mixed_or_unresolved,medium,no,0,2023-02-16,2026-02-23,11
theme3_2a82b0d65531,safety_alignment,general_ai,predictive,mixed,medium,ai_safety_requires_understanding,high,mapped,no,7,57.1,14.3,14.3,0.0,14.3,supported,mixed_or_unresolved,medium,no,0,2023-10-26,2025-05-22,3
theme3_331c20da7676,safety_alignment,regulation,normative,untestable,high,ai_safety_requires_understanding,high,mapped,no,8,50.0,12.5,0.0,0.0,37.5,supported,mixed_or_unresolved,medium,no,0,2023-02-26,2025-05-14,7
theme3_35dcaa96810a,safety_alignment,openai,predictive,mixed,medium,ai_safety_requires_understanding,high,mapped,no,2,100.0,0.0,0.0,0.0,0.0,supported,mixed_or_unresolved,medium,no,0,2023-11-19,2024-08-23,4
theme3_3c58fbaf4439,safety_alignment,openai,normative,untestable,high,ai_safety_requires_understanding,high,mapped,no,13,30.8,7.7,15.4,7.7,38.5,supported,mixed_or_unresolved,medium,no,0,2024-02-04,2024-02-04,1
theme3_45dd29a88dd4,safety_alignment,ai_safety,descriptive,mixed,medium,ai_existential_risk_real_but_misframed,high,mapped,no,16,43.8,0.0,0.0,6.2,50.0,supported,mixed_or_unresolved,medium,no,0,2023-04-02,2026-02-13,15
theme3_4cd923f75a30,safety_alignment,regulation,predictive,mixed,medium,ai_safety_requires_understanding,high,mapped,no,13,30.8,7.7,15.4,7.7,38.5,supported,mixed_or_unresolved,medium,no,0,2025-01-01,2025-01-01,1
theme3_5050e9c2cf3b,safety_alignment,regulation,descriptive,mixed,medium,ai_existential_risk_real_but_misframed,high,mapped,no,14,50.0,0.0,0.0,0.0,50.0,supported,mixed_or_unresolved,medium,no,0,2023-06-08,2026-02-01,5
theme3_696ea994cd91,safety_alignment,ai_safety,causal,mixed,medium,ai_safety_requires_understanding,high,mapped,no,9,44.4,11.1,11.1,0.0,33.3,supported,mixed_or_unresolved,medium,no,0,2023-08-27,2025-06-23,9
theme3_8cc71dd645bf,safety_alignment,microsoft,descriptive,mixed,medium,ai_safety_requires_understanding,high,mapped,no,13,30.8,7.7,15.4,7.7,38.5,supported,mixed_or_unresolved,medium,no,0,2023-02-26,2023-02-26,1
theme3_8e4a7ba67b7e,safety_alignment,llms,causal,mixed,medium,ai_safety_requires_understanding,high,mapped,no,9,44.4,11.1,11.1,0.0,33.3,supported,mixed_or_unresolved,medium,no,1,2023-04-04,2025-06-23,2
theme3_8fabf966d580,safety_alignment,regulation,causal,mixed,medium,ai_safety_requires_understanding,high,mapped,no,13,30.8,7.7,15.4,7.7,38.5,supported,mixed_or_unresolved,medium,no,0,2025-05-16,2025-05-16,1
theme3_9b38ae8cd486,safety_alignment,ai_safety,normative,untestable,high,ai_safety_requires_understanding,high,mapped,no,9,44.4,11.1,11.1,11.1,22.2,supported,mixed_or_unresolved,medium,no,0,2023-10-26,2025-07-15,9
theme3_aa23f30fb332,safety_alignment,llms,predictive,mixed,medium,ai_child_safety,high,mapped,no,7,42.9,0.0,28.6,0.0,28.6,supported,mixed_or_unresolved,medium,no,1,2023-02-15,2025-12-09,7
theme3_b1a2bbb9ed57,safety_alignment,llms,descriptive,mixed,medium,ai_child_safety,high,mapped,no,6,33.3,0.0,33.3,0.0,33.3,mixed,mixed_or_unresolved,high,no,1,2023-02-14,2025-11-18,5
theme3_b801791847b6,safety_alignment,openai,descriptive,mixed,medium,ai_safety_requires_understanding,high,mapped,no,13,30.8,7.7,15.4,7.7,38.5,supported,mixed_or_unresolved,medium,no,1,2024-05-26,2024-10-24,3
theme3_baac05bbb9c7,safety_alignment,tesla,predictive,mixed,medium,ai_safety_requires_understanding,high,mapped,no,11,36.4,9.1,9.1,9.1,36.4,supported,mixed_or_unresolved,medium,no,1,2023-02-13,2025-07-15,2
theme3_d74dcfc359c8,safety_alignment,general_ai,descriptive,mixed,medium,ai_existential_risk_real_but_misframed,high,mapped,no,13,53.8,0.0,0.0,7.7,38.5,supported,mixed_or_unresolved,medium,no,0,2023-03-18,2025-11-19,3
theme3_e07ab2924ca9,safety_alignment,tesla,descriptive,mixed,medium,ai_safety_requires_understanding,high,mapped,no,1,0.0,0.0,0.0,100.0,0.0,contradicted,mixed_or_unresolved,medium,no,0,2025-07-15,2025-07-15,1
theme3_fa38c07be4e7,safety_alignment,general_ai,normative,untestable,high,ai_military_dangerous,high,mapped,no,19,36.8,0.0,10.5,5.3,47.4,supported,mixed_or_unresolved,medium,no,0,2023-11-25,2026-02-26,5
theme3_fc164b36a679,safety_alignment,llms,normative,untestable,high,ai_safety_requires_understanding,high,mapped,no,4,50.0,25.0,0.0,0.0,25.0,supported,mixed_or_unresolved,medium,no,1,2023-03-29,2024-10-05,4
theme3_0ec6975bae97,scaling_limits,general_ai,normative,untestable,high,scaling_wont_reach_agi,high,mapped,yes,57,54.4,3.5,22.8,7.0,12.3,supported,mixed_or_unresolved,medium,no,0,2024-09-10,2026-02-10,4
theme3_0f76f2088106,scaling_limits,agi,normative,untestable,high,scaling_wont_reach_agi,high,mapped,yes,11,54.5,0.0,27.3,9.1,9.1,supported,mixed_or_unresolved,medium,no,0,2025-03-05,2025-08-09,2
theme3_1421096bca2e,scaling_limits,general_ai,descriptive,unresolved,medium,scaling_wont_reach_agi,high,mapped,yes,96,41.7,3.1,30.2,10.4,14.6,supported,mixed_or_unresolved,medium,no,0,2023-02-11,2025-12-09,6
theme3_172e5150cd97,scaling_limits,llms,normative,untestable,high,scaling_wont_reach_agi,high,mapped,yes,77,40.3,2.6,35.1,10.4,11.7,supported,mixed_or_unresolved,medium,no,1,2023-02-11,2025-07-13,5
theme3_1741dd2488ee,scaling_limits,anthropic,descriptive,unresolved,medium,scaling_wont_reach_agi,high,mapped,yes,106,42.5,2.8,30.2,10.4,14.2,supported,mixed_or_unresolved,medium,no,0,2025-11-18,2025-11-18,1
theme3_2cc418f5064a,scaling_limits,general_ai,predictive,unresolved,medium,scaling_wont_reach_agi,high,mapped,yes,78,43.6,3.8,32.1,6.4,14.1,supported,mixed_or_unresolved,medium,no,1,2023-08-24,2025-12-20,5
theme3_315a8368ec1c,scaling_limits,llms,predictive,unresolved,medium,scaling_wont_reach_agi,high,mapped,yes,75,41.3,2.7,36.0,8.0,12.0,supported,mixed_or_unresolved,medium,no,1,2023-02-13,2025-07-27,5
theme3_6608404f688e,scaling_limits,ai_safety,predictive,unresolved,medium,scaling_wont_reach_agi,high,mapped,yes,106,42.5,2.8,30.2,10.4,14.2,supported,mixed_or_unresolved,medium,no,0,2025-05-22,2025-05-22,1
theme3_6fb1ef5deff5,scaling_limits,ai_safety,descriptive,unresolved,medium,scaling_wont_reach_agi,high,mapped,yes,106,42.5,2.8,30.2,10.4,14.2,supported,mixed_or_unresolved,medium,no,0,2024-08-10,2024-08-10,1
theme3_79c4816299f2,scaling_limits,regulation,normative,untestable,high,scaling_wont_reach_agi,high,mapped,yes,2,50.0,0.0,0.0,0.0,50.0,supported,mixed_or_unresolved,medium,no,0,2024-11-24,2024-11-24,1
theme3_8fe0ad899072,scaling_limits,llms,causal,unresolved,medium,scaling_wont_reach_agi,high,mapped,yes,106,42.5,2.8,30.2,10.4,14.2,supported,mixed_or_unresolved,medium,no,0,2025-10-22,2025-10-22,1
theme3_91c95a37e045,scaling_limits,agi,descriptive,unresolved,medium,scaling_wont_reach_agi,high,mapped,yes,75,38.7,2.7,36.0,10.7,12.0,supported,mixed_or_unresolved,medium,no,0,2023-02-11,2025-06-17,4
theme3_a54614512de5,scaling_limits,regulation,descriptive,unresolved,medium,scaling_wont_reach_agi,high,mapped,yes,4,75.0,25.0,0.0,0.0,0.0,supported,mixed_or_unresolved,medium,no,0,2024-11-10,2024-11-10,1
theme3_ad215ff54ca7,scaling_limits,general_ai,causal,unresolved,medium,scaling_wont_reach_agi,high,mapped,yes,106,42.5,2.8,30.2,10.4,14.2,supported,mixed_or_unresolved,medium,no,0,2023-04-09,2023-04-09,1
theme3_d8c7f3475f9e,scaling_limits,ai_safety,normative,untestable,high,scaling_wont_reach_agi,high,mapped,yes,1,0.0,0.0,0.0,0.0,100.0,contradicted,mixed_or_unresolved,medium,no,0,2024-02-11,2024-02-11,1
theme3_dc8619624667,scaling_limits,openai,descriptive,unresolved,medium,scaling_wont_reach_agi,high,mapped,yes,106,42.5,2.8,30.2,10.4,14.2,supported,mixed_or_unresolved,medium,no,0,2025-08-03,2025-08-03,1
theme3_e08a363477d6,scaling_limits,ai_safety,causal,unresolved,medium,scaling_wont_reach_agi,high,mapped,yes,106,42.5,2.8,30.2,10.4,14.2,supported,mixed_or_unresolved,medium,no,0,2025-01-16,2025-01-16,1
theme3_fde6def617bf,scaling_limits,agi,predictive,unresolved,medium,scaling_wont_reach_agi,high,mapped,yes,96,41.7,3.1,30.2,10.4,14.6,supported,mixed_or_unresolved,medium,no,0,2023-02-11,2025-12-01,7
theme3_4c05ee8245b3,self_driving_robotics,google,descriptive,unresolved,medium,musk_ai_hypocrisy,low,mapped_medium_weak_target,yes,1,0.0,0.0,100.0,0.0,0.0,mixed,mixed_or_unresolved,medium,no,0,2023-02-17,2023-02-17,1
theme3_7fce72a0f3dd,self_driving_robotics,tesla,normative,untestable,high,musk_ai_hypocrisy,medium,mapped,no,3,33.3,0.0,66.7,0.0,0.0,mixed,mixed_or_unresolved,medium,no,0,2023-02-11,2023-02-11,1
theme3_8546265138f1,self_driving_robotics,general_ai,normative,untestable,high,musk_ai_hypocrisy,medium,mapped,no,3,33.3,0.0,66.7,0.0,0.0,mixed,mixed_or_unresolved,medium,no,1,2023-01-31,2023-02-11,2
theme3_9d3a3aa0a56f,self_driving_robotics,google,normative,untestable,high,musk_ai_hypocrisy,low,mapped_medium_weak_target,yes,1,0.0,0.0,100.0,0.0,0.0,mixed,mixed_or_unresolved,medium,no,0,2023-02-17,2023-02-17,1
theme3_c49097e81ee1,self_driving_robotics,llms,normative,untestable,high,musk_ai_hypocrisy,low,mapped_medium_weak_target,yes,1,0.0,0.0,100.0,0.0,0.0,mixed,mixed_or_unresolved,medium,no,0,2023-10-26,2024-02-12,2
theme3_1a14a35b5ae3,hallucination_misinformation,google,descriptive,supported,high,hallucination_unsolvable,high,mapped,no,63,58.7,4.8,27.0,3.2,6.3,supported,supported,high,no,0,2023-11-03,2025-10-16,2
theme3_1f57bba83c5b,hallucination_misinformation,regulation,descriptive,supported,high,hallucination_unsolvable,high,mapped,no,57,42.1,8.8,36.8,3.5,8.8,supported,supported,high,no,0,2023-07-08,2024-12-08,3
theme3_7e42adbbe8cc,hallucination_misinformation,agi,descriptive,supported,high,hallucination_unsolvable,high,mapped,no,120,56.7,5.8,28.3,2.5,6.7,supported,supported,high,no,0,2024-10-20,2024-10-20,1
theme3_843083c99dae,hallucination_misinformation,llms,descriptive,supported,high,hallucination_unsolvable,high,mapped,no,97,56.7,5.2,28.9,2.1,7.2,supported,supported,high,no,1,2023-02-16,2025-12-01,11
theme3_84ad1984d6b1,hallucination_misinformation,openai,predictive,supported,high,hallucination_unsolvable,high,mapped,no,67,61.2,4.5,26.9,1.5,6.0,supported,supported,high,no,0,2023-11-26,2025-12-01,3
theme3_884d8ba6d388,hallucination_misinformation,agi,predictive,supported,high,hallucination_unsolvable,high,mapped,no,1,100.0,0.0,0.0,0.0,0.0,supported,supported,high,no,0,2023-11-17,2023-11-17,1
theme3_97d445ef04e0,hallucination_misinformation,general_ai,descriptive,supported,high,deepfakes_threaten_democracy,high,mapped,no,30,60.0,0.0,26.7,0.0,13.3,supported,supported,high,no,0,2023-02-13,2023-08-28,4
theme3_a708e869f9a5,hallucination_misinformation,llms,predictive,supported,high,hallucination_unsolvable,high,mapped,no,105,57.1,4.8,28.6,2.9,6.7,supported,supported,high,yes,4,2023-02-15,2025-12-30,9
theme3_b9eb41933dd0,hallucination_misinformation,openai,causal,supported,high,hallucination_unsolvable,high,mapped,no,120,56.7,5.8,28.3,2.5,6.7,supported,supported,high,no,0,2024-12-08,2024-12-08,1
theme3_bf5474b08c03,hallucination_misinformation,ai_safety,descriptive,supported,high,hallucination_unsolvable,high,mapped,no,88,52.3,5.7,31.8,2.3,8.0,supported,supported,high,no,0,2023-03-11,2025-11-18,4
theme3_c0445b574603,hallucination_misinformation,general_ai,causal,supported,high,deepfakes_threaten_democracy,high,mapped,no,79,62.0,1.3,16.5,3.8,16.5,supported,supported,high,no,0,2025-03-27,2025-03-27,1
theme3_d1fa2955645a,hallucination_misinformation,llms,causal,supported,high,hallucination_unsolvable,high,mapped,no,55,56.4,5.5,29.1,1.8,7.3,supported,supported,high,no,0,2024-02-06,2025-08-04,2
theme3_d9446e6d7328,hallucination_misinformation,general_ai,predictive,supported,high,deepfakes_threaten_democracy,high,mapped,no,52,55.8,1.9,21.2,3.8,17.3,supported,supported,high,no,1,2023-02-09,2024-07-28,3
theme3_edacd814a9aa,hallucination_misinformation,ai_safety,predictive,supported,high,hallucination_unsolvable,high,mapped,no,111,57.7,4.5,27.9,2.7,7.2,supported,supported,high,no,1,2023-02-14,2026-01-06,11
theme3_f099539befa0,hallucination_misinformation,meta,descriptive,supported,high,hallucination_unsolvable,high,mapped,no,29,58.6,10.3,13.8,3.4,13.8,supported,supported,high,no,0,2023-08-27,2024-04-06,2
